{"stats":{"minecraft:mined":{"minecraft:grass":1,"biomesoplenty:clover":9,"minecraft:grass_block":1,"minecraft:rose_bush":1,"minecraft:birch_leaves":5,"minecraft:oak_leaves":5},"minecraft:used":{"minecraft:rose_bush":1},"minecraft:dropped":{"minecraft:dirt":2,"minecraft:wheat_seeds":2},"minecraft:custom":{"minecraft:time_since_rest":8408,"minecraft:crouch_one_cm":1003,"minecraft:sprint_one_cm":11904,"minecraft:play_time":8408,"minecraft:damage_taken":95,"minecraft:walk_one_cm":33289,"minecraft:sneak_time":198,"minecraft:drop":4,"minecraft:jump":125,"minecraft:damage_dealt":48,"minecraft:leave_game":3,"minecraft:time_since_death":8408,"minecraft:total_world_time":8408,"minecraft:fall_one_cm":2994,"minecraft:fly_one_cm":18355},"minecraft:picked_up":{"minecraft:wheat_seeds":2,"minecraft:rose_bush":1,"minecraft:dirt":2}},"DataVersion":3465}