{"stats":{"minecraft:broken":{"minecraft:stone_axe":1,"minecraft:wooden_axe":1},"minecraft:killed":{"born_in_chaos_v1:fallen_chaos_knight":1,"minecraft:pig":1,"aquaculture:bluegill":2,"born_in_chaos_v1:door_knight_not_despawn":1,"alexsmobs:tasmanian_devil":1,"enemyexpansion:goblin_fear":2,"minecraft:creeper":2,"born_in_chaos_v1:decrepit_skeleton":1,"born_in_chaos_v1:maggot":1,"minecraft:sheep":10,"enemyexpansion:meature":1,"minecraft:zombie":2,"born_in_chaos_v1:dread_hound":1,"enemyexpansion:huntsman":1,"aquaculture:brown_trout":4,"born_in_chaos_v1:corpse_fish":1,"farlanders:wanderer":1,"enemyexpansion:goblin":1,"minecraft:cow":4},"minecraft:mined":{"minecraft:dark_prismarine":4,"ancient_elements:lead_ore":7,"minecraft:smoker":1,"minecraft:crafting_table":2,"minecraft:grass_block":2,"create:scoria":1,"minecraft:rose_bush":3,"biomesoplenty:flowering_oak_leaves":3,"minecraft:lectern":1,"minecraft:tall_grass":1,"minecraft:spruce_wall_sign":1,"minecraft:stone_slab":1,"ancient_elements:cloud":2,"minecraft:cobblestone":2,"biomesoplenty:huge_clover_petal":4,"minecraft:sugar_cane":13,"minecraft:spawner":1,"supplementaries:urn":1,"quark:hollow_birch_log":3,"minecraft:hay_block":11,"minecraft:furnace":1,"minecraft:iron_ore":6,"minecraft:birch_log":6,"minecraft:andesite":2,"minecraft:birch_leaves":1,"ancient_elements:tin_ore":2,"biomesoplenty:clover":8,"minecraft:grass":4,"minecraft:oak_log":44,"minecraft:coal_ore":7,"biomesoplenty:redwood_leaves":1,"minecraft:player_head":1,"minecraft:stone_bricks":1,"born_in_chaos_v1:infernal_evil_pumpkin_s":1,"minecraft:stone":34,"create:veridium":16,"minecraft:fern":1,"minecraft:oak_leaves":1},"minecraft:killed_by":{"minecraft:player":1,"born_in_chaos_v1:corpse_fly":1,"enemyexpansion:huntsman":1,"born_in_chaos_v1:dread_hound":1,"enemyexpansion:invisicreeper":1},"minecraft:used":{"minecraft:stone_pickaxe":93,"minecraft:oak_planks":103,"create:veridium":13,"quark:hollow_birch_log":2,"minecraft:rotten_flesh":2,"aquaculture:bluegill":2,"minecraft:crafting_table":3,"minecraft:smoker":1,"ancient_elements:cloud":2,"minecraft:dark_prismarine":4,"minecraft:wooden_axe":30,"born_in_chaos_v1:smoked_flesh":3,"minecraft:apple":4,"minecraft:lectern":1,"minecraft:stone_slab":1,"epicfight:stone_greatsword":5,"minecraft:stone_axe":140,"minecraft:cobblestone":4,"born_in_chaos_v1:rotten_fish":1,"minecraft:furnace":2,"minecraft:cooked_beef":4,"minecraft:gray_wool":1},"minecraft:dropped":{"minecraft:glass_bottle":3,"minecraft:rotten_flesh":1,"supplementaries:antique_ink":3,"minecraft:dirt":2,"minecraft:rose_bush":6,"minecraft:oak_sapling":6,"minecraft:black_wool":1},"minecraft:custom":{"minecraft:interact_with_furnace":3,"minecraft:mob_kills":38,"minecraft:tune_noteblock":1,"minecraft:interact_with_crafting_table":16,"minecraft:open_barrel":16,"minecraft:damage_dealt_resisted":36,"minecraft:eat_cake_slice":3,"minecraft:time_since_death":3438,"minecraft:climb_one_cm":118,"minecraft:time_since_rest":3465,"minecraft:sprint_one_cm":175570,"minecraft:damage_taken":2360,"minecraft:walk_one_cm":320846,"minecraft:drop":11,"minecraft:damage_dealt":5631,"minecraft:play_noteblock":1,"minecraft:talked_to_villager":5,"minecraft:damage_dealt_absorbed":99,"minecraft:swim_one_cm":10329,"minecraft:fly_one_cm":313670,"minecraft:open_chest":15,"minecraft:crouch_one_cm":8389,"minecraft:play_time":35053,"minecraft:deaths":6,"minecraft:sneak_time":1382,"minecraft:walk_under_water_one_cm":4285,"minecraft:jump":1163,"minecraft:walk_on_water_one_cm":14465,"minecraft:total_world_time":35053,"minecraft:interact_with_smoker":4,"minecraft:fall_one_cm":38064},"minecraft:picked_up":{"minecraft:birch_log":6,"minecraft:crafting_table":2,"minecraft:cooked_beef":1,"minecraft:leather":5,"ancient_elements:cloud":2,"minecraft:stone_slab":1,"minecraft:smoker":1,"ancient_elements:raw_lead":7,"minecraft:oak_log":44,"minecraft:dirt":2,"minecraft:cooked_mutton":1,"minecraft:experience_bottle":1,"minecraft:bone":13,"minecraft:apple":1,"aquaculture:bluegill":2,"minecraft:beef":15,"minecraft:stone_pickaxe":1,"minecraft:rose_bush":6,"minecraft:player_head":1,"minecraft:lectern":1,"minecraft:sugar_cane":23,"minecraft:furnace":1,"minecraft:stick":3,"minecraft:raw_iron":6,"epicfight:stone_greatsword":1,"ancient_elements:raw_tin":2,"born_in_chaos_v1:pieceofdarkmetal":3,"minecraft:carrot":1,"minecraft:dark_prismarine":4,"minecraft:rotten_flesh":10,"minecraft:hay_block":10,"aquaculture:brown_trout":4,"supplementaries:antique_ink":3,"minecraft:black_wool":1,"minecraft:spruce_sign":1,"quark:hollow_birch_log":2,"minecraft:gray_wool":1,"create:veridium":13,"minecraft:oak_sapling":6,"born_in_chaos_v1:rotten_fish":1,"minecraft:mutton":18,"minecraft:coal":17,"minecraft:cobblestone":33,"minecraft:white_wool":8},"minecraft:crafted":{"minecraft:cooked_beef":7,"minecraft:oak_planks":160,"minecraft:crafting_table":1,"minecraft:furnace":2,"minecraft:stone_axe":2,"minecraft:cooked_mutton":3,"minecraft:air":0,"minecraft:stick":4,"minecraft:wooden_axe":1,"minecraft:smoker":1}},"DataVersion":3465}