{"stats":{"minecraft:mined":{"minecraft:dark_oak_planks":3,"minecraft:dark_prismarine":4,"minecraft:tuff":3,"minecraft:red_carpet":2,"ancient_elements:lead_ore":7,"minecraft:spruce_trapdoor":1,"minecraft:grass_block":2,"biomesoplenty:flowering_oak_leaves":3,"minecraft:spawner":7,"quark:hollow_birch_log":3,"minecraft:hay_block":13,"minecraft:furnace":1,"minecraft:iron_ore":6,"minecraft:andesite":2,"ancient_elements:tin_ore":2,"minecraft:azure_bluet":1,"minecraft:dark_oak_stairs":1,"minecraft:bookshelf":8,"minecraft:potatoes":1,"minecraft:deepslate_iron_ore":12,"ancient_elements:palladium_ore":14,"minecraft:stone":35,"create:veridium":16,"minecraft:player_head":1,"minecraft:white_wool":23,"minecraft:deepslate_redstone_ore":4,"minecraft:glass_pane":6,"minecraft:smoker":1,"minecraft:crafting_table":3,"born_in_chaos_v1:infected_deepslate_diamond_ore":2,"create:scoria":1,"minecraft:rose_bush":3,"minecraft:lectern":1,"minecraft:stone_slab":1,"minecraft:spruce_wall_sign":1,"ancient_elements:cloud":2,"minecraft:tall_grass":1,"minecraft:cobblestone":8,"biomesoplenty:huge_clover_petal":4,"minecraft:sugar_cane":13,"supplementaries:urn":3,"minecraft:cobblestone_wall":2,"minecraft:birch_log":6,"minecraft:birch_leaves":1,"minecraft:grass":4,"biomesoplenty:clover":8,"minecraft:oak_log":44,"minecraft:coal_ore":7,"biomesoplenty:redwood_leaves":1,"minecraft:dirt":6,"minecraft:cobweb":1,"born_in_chaos_v1:infernal_evil_pumpkin_s":1,"minecraft:stone_bricks":1,"minecraft:deepslate":5,"minecraft:oak_leaves":1,"minecraft:fern":1},"minecraft:killed_by":{"minecraft:player":1,"born_in_chaos_v1:corpse_fly":1,"enemyexpansion:huntsman":1,"minecraft:zombie":1,"born_in_chaos_v1:dread_hound":1,"enemyexpansion:invisicreeper":1,"minecraft:vex":1},"minecraft:killed":{"enemyexpansion:trollenraged":1,"aquaculture:bluegill":2,"born_in_chaos_v1:restless_spirit":2,"born_in_chaos_v1:door_knight_not_despawn":2,"minecraft:vindicator":2,"minecraft:spider":3,"alexsmobs:tasmanian_devil":1,"enemyexpansion:direwolf":2,"enemyexpansion:goblin_fear":2,"born_in_chaos_v1:maggot":1,"aquaculture:brown_trout":4,"born_in_chaos_v1:corpse_fish":1,"farlanders:wanderer":1,"enemyexpansion:goblin":1,"born_in_chaos_v1:fallen_chaos_knight":1,"minecraft:pig":1,"born_in_chaos_v1:diamond_termite":5,"born_in_chaos_v1:baby_skeleton":1,"minecraft:creeper":2,"born_in_chaos_v1:decrepit_skeleton":5,"minecraft:sheep":10,"enemyexpansion:meature":1,"minecraft:zombie":6,"born_in_chaos_v1:dread_hound":1,"enemyexpansion:huntsman":1,"minecraft:cow":4},"minecraft:custom":{"minecraft:interact_with_anvil":1,"minecraft:mob_kills":65,"minecraft:interact_with_crafting_table":30,"minecraft:open_barrel":50,"minecraft:damage_dealt_resisted":171,"minecraft:eat_cake_slice":3,"minecraft:leave_game":1,"minecraft:time_since_death":11742,"minecraft:climb_one_cm":508,"minecraft:sprint_one_cm":273658,"minecraft:walk_one_cm":581722,"minecraft:drop":17,"minecraft:play_noteblock":1,"minecraft:damage_dealt_absorbed":99,"minecraft:talked_to_villager":8,"minecraft:play_time":60615,"minecraft:deaths":8,"minecraft:sneak_time":2628,"minecraft:walk_under_water_one_cm":4625,"minecraft:jump":1837,"minecraft:walk_on_water_one_cm":14511,"minecraft:total_world_time":60615,"minecraft:interact_with_furnace":4,"minecraft:tune_noteblock":1,"minecraft:time_since_rest":11785,"minecraft:damage_taken":3724,"minecraft:damage_dealt":11955,"minecraft:swim_one_cm":10329,"minecraft:fly_one_cm":540737,"minecraft:open_chest":46,"minecraft:crouch_one_cm":13974,"minecraft:interact_with_smoker":4,"minecraft:fall_one_cm":59261},"minecraft:broken":{"minecraft:stone_axe":2,"minecraft:wooden_axe":1},"minecraft:used":{"minecraft:stone_sword":180,"born_in_chaos_v1:ethereal_spirit":3,"minecraft:dried_kelp":3,"create:veridium":13,"minecraft:rotten_flesh":2,"aquaculture:bluegill":2,"minecraft:tuff":1,"ancient_elements:cloud":2,"minecraft:dark_oak_planks":1,"minecraft:wooden_axe":30,"born_in_chaos_v1:smoked_flesh":3,"epicfight:stone_greatsword":5,"minecraft:furnace":2,"minecraft:cooked_beef":6,"minecraft:cobbled_deepslate":2,"minecraft:cooked_mutton":1,"minecraft:dark_oak_stairs":1,"minecraft:stone_pickaxe":111,"minecraft:oak_planks":118,"quark:hollow_birch_log":2,"minecraft:spruce_sign":1,"minecraft:crafting_table":7,"minecraft:mushroom_stew":1,"minecraft:smoker":1,"minecraft:dark_prismarine":4,"minecraft:apple":6,"minecraft:bread":9,"minecraft:iron_pickaxe":43,"minecraft:lectern":1,"minecraft:stone_slab":1,"minecraft:stone_axe":166,"minecraft:cobblestone":8,"born_in_chaos_v1:rotten_fish":1,"minecraft:gray_wool":1,"minecraft:experience_bottle":1},"minecraft:picked_up":{"born_in_chaos_v1:diamond_termite_shard":5,"minecraft:crafting_table":3,"minecraft:stone_slab":1,"ancient_elements:cloud":2,"minecraft:chain":1,"ancient_elements:raw_palladium":14,"minecraft:string":3,"minecraft:experience_bottle":1,"aquaculture:bluegill":2,"minecraft:cobbled_deepslate":5,"minecraft:beef":15,"minecraft:rose_bush":6,"minecraft:player_head":1,"minecraft:iron_nugget":30,"minecraft:lectern":1,"minecraft:sugar_cane":23,"minecraft:furnace":1,"minecraft:stick":3,"minecraft:raw_iron":18,"born_in_chaos_v1:shattered_skull":1,"ancient_elements:raw_tin":2,"minecraft:redstone":20,"born_in_chaos_v1:pieceofdarkmetal":3,"minecraft:carrot":1,"minecraft:dark_oak_planks":3,"minecraft:rotten_flesh":33,"minecraft:hay_block":12,"aquaculture:brown_trout":4,"supplementaries:antique_ink":3,"create:veridium":13,"supplementaries:ash":3,"minecraft:mutton":18,"minecraft:cobblestone":45,"minecraft:white_wool":31,"minecraft:birch_log":6,"minecraft:cooked_beef":1,"minecraft:leather":5,"minecraft:smoker":1,"minecraft:potato":1,"ancient_elements:raw_lead":7,"minecraft:tuff":3,"minecraft:oak_log":44,"minecraft:gunpowder":2,"minecraft:cobblestone_wall":2,"minecraft:dirt":5,"minecraft:cooked_mutton":1,"minecraft:bone":17,"minecraft:apple":1,"minecraft:stone_pickaxe":1,"minecraft:dark_oak_stairs":1,"minecraft:book":24,"epicfight:stone_greatsword":1,"born_in_chaos_v1:ethereal_spirit":3,"minecraft:spider_eye":1,"minecraft:dark_prismarine":4,"quark:hollow_birch_log":2,"minecraft:emerald":2,"minecraft:gray_wool":1,"minecraft:spruce_sign":1,"born_in_chaos_v1:rotten_fish":1,"minecraft:oak_sapling":6,"minecraft:black_wool":1,"minecraft:coal":17},"minecraft:dropped":{"born_in_chaos_v1:shattered_skull":1,"minecraft:glass_bottle":3,"minecraft:dirt":2,"minecraft:rose_bush":6,"minecraft:chain":1,"minecraft:bowl":1,"minecraft:rotten_flesh":12,"supplementaries:antique_ink":3,"minecraft:potato":4,"minecraft:oak_sapling":6,"minecraft:spider_eye":1,"minecraft:black_wool":1},"minecraft:crafted":{"minecraft:oak_planks":160,"usefulbackpacks:backpack_small":1,"minecraft:furnace":2,"minecraft:cooked_mutton":3,"usefulbackpacks:backpack_medium":1,"minecraft:smoker":1,"minecraft:wheat":108,"minecraft:cooked_beef":7,"minecraft:crafting_table":4,"minecraft:birch_planks":24,"minecraft:stone_axe":2,"minecraft:bread":36,"minecraft:air":0,"minecraft:iron_chestplate":1,"minecraft:stick":8,"usefulbackpacks:backpack_large":1,"minecraft:wooden_axe":1,"minecraft:stone_sword":2,"minecraft:iron_leggings":1}},"DataVersion":3465}