{"stats":{"minecraft:mined":{"minecraft:dark_oak_planks":3,"minecraft:obsidian":6,"minecraft:spruce_trapdoor":1,"minecraft:granite":6,"minecraft:grass_block":6,"biomesoplenty:rose_quartz_block":8,"biomesoplenty:flowering_oak_leaves":3,"minecraft:spawner":7,"quark:hollow_birch_log":3,"ancient_elements:selenite_crystal_block":6,"minecraft:iron_ore":19,"minecraft:fire":1,"ancient_elements:selenite_clust":1,"quark:stick_block":1,"ancient_elements:tin_ore":4,"minecraft:azure_bluet":1,"minecraft:dark_oak_stairs":1,"create:veridium":16,"minecraft:player_head":1,"minecraft:deepslate_redstone_ore":4,"minecraft:magenta_wall_banner":1,"minecraft:smoker":1,"born_in_chaos_v1:infected_deepslate_diamond_ore":4,"minecraft:blast_furnace":3,"create:scoria":1,"minecraft:spruce_wall_sign":1,"ancient_elements:cloud":2,"ancient_elements:deepslate_tin_ore":1,"minecraft:cobblestone":13,"minecraft:oak_planks":2,"minecraft:sugar_cane":22,"minecraft:birch_log":6,"minecraft:wheat":1,"minecraft:grass":4,"biomesoplenty:clover":8,"minecraft:oak_log":45,"minecraft:dirt":12,"born_in_chaos_v1:infernal_evil_pumpkin_s":1,"minecraft:netherrack":156,"minecraft:oak_leaves":2,"minecraft:deepslate":17,"minecraft:dark_prismarine":4,"minecraft:tuff":3,"minecraft:red_carpet":2,"ancient_elements:lead_ore":21,"minecraft:deepslate_diamond_ore":6,"biomesoplenty:bush":1,"born_in_chaos_v1:black_argillite":1,"minecraft:hay_block":91,"minecraft:furnace":4,"minecraft:andesite":3,"minecraft:gold_block":2,"minecraft:bookshelf":8,"minecraft:potatoes":2,"minecraft:deepslate_iron_ore":12,"ancient_elements:palladium_ore":21,"ancient_elements:reflectine":1,"minecraft:stone":189,"minecraft:white_wool":23,"ancient_elements:steel_ore":17,"minecraft:glass_pane":6,"minecraft:crafting_table":11,"minecraft:rose_bush":3,"minecraft:lectern":1,"minecraft:campfire":12,"minecraft:stone_slab":1,"minecraft:tall_grass":3,"born_in_chaos_v1:chipped_black_argillite_brick":2,"biomesoplenty:huge_clover_petal":4,"minecraft:diorite":17,"supplementaries:urn":3,"ancient_elements:budding_selenite":1,"minecraft:cobblestone_wall":2,"minecraft:birch_leaves":1,"minecraft:coal_ore":7,"biomesoplenty:redwood_leaves":1,"minecraft:gravel":2,"minecraft:cobweb":1,"minecraft:stone_bricks":3,"minecraft:fern":1},"minecraft:killed_by":{"minecraft:wither_skeleton":1,"born_in_chaos_v1:nightmare_stalker":1,"born_in_chaos_v1:corpse_fly":1,"enemyexpansion:huntsman":1,"farlanders:ender_golem":1,"minecraft:zombie":3,"enemyexpansion:invisicreeper":1,"minecraft:vex":1,"minecraft:player":1,"born_in_chaos_v1:skeleton_thrasher":1,"minecraft:skeleton":4,"born_in_chaos_v1:door_knight":1,"born_in_chaos_v1:dread_hound":1},"minecraft:killed":{"born_in_chaos_v1:zombie_clown":1,"born_in_chaos_v1:restless_spirit":2,"born_in_chaos_v1:door_knight_not_despawn":3,"minecraft:spider":3,"endermanoverhaul:dark_oak_enderman":1,"minecraft:skeleton":4,"minecraft:chicken":1,"born_in_chaos_v1:firelight_not_despawn":2,"minecraft:pig":1,"born_in_chaos_v1:diamond_termite":8,"minecraft:creeper":2,"minecraft:sheep":10,"enemyexpansion:meature":1,"minecraft:zombie":10,"born_in_chaos_v1:dread_hound":4,"born_in_chaos_v1:corpse_fly":2,"minecraft:cow":4,"enemyexpansion:trollenraged":1,"aquaculture:bluegill":2,"minecraft:vindicator":2,"alexsmobs:tasmanian_devil":1,"enemyexpansion:direwolf":6,"enemyexpansion:goblin_fear":2,"born_in_chaos_v1:zombie_bruiser":1,"born_in_chaos_v1:maggot":1,"aquaculture:brown_trout":4,"born_in_chaos_v1:corpse_fish":1,"farlanders:wanderer":1,"enemyexpansion:goblin":1,"born_in_chaos_v1:fallen_chaos_knight":1,"born_in_chaos_v1:baby_skeleton":2,"minecraft:bat":1,"born_in_chaos_v1:decrepit_skeleton":5,"enemyexpansion:huntsman":1,"alexsmobs:crow":1,"minecraft:wither_skeleton":3},"minecraft:custom":{"minecraft:interact_with_crafting_table":59,"minecraft:open_barrel":88,"minecraft:eat_cake_slice":3,"minecraft:leave_game":3,"minecraft:time_since_death":3237,"minecraft:sprint_one_cm":726022,"minecraft:drop":76,"minecraft:play_noteblock":1,"minecraft:talked_to_villager":15,"minecraft:play_time":168517,"minecraft:deaths":23,"minecraft:jump":4358,"minecraft:walk_on_water_one_cm":70340,"minecraft:interact_with_furnace":37,"minecraft:sleep_in_bed":1,"minecraft:damage_dealt":20226,"minecraft:crouch_one_cm":24648,"minecraft:interact_with_smoker":4,"minecraft:use_cauldron":2,"minecraft:mob_kills":103,"minecraft:interact_with_anvil":1,"minecraft:fill_cauldron":2,"minecraft:damage_dealt_resisted":1646,"minecraft:climb_one_cm":10766,"minecraft:walk_one_cm":1072351,"minecraft:damage_dealt_absorbed":99,"minecraft:sneak_time":4784,"minecraft:walk_under_water_one_cm":37301,"minecraft:interact_with_blast_furnace":11,"minecraft:total_world_time":168517,"minecraft:tune_noteblock":1,"minecraft:time_since_rest":3288,"minecraft:damage_taken":9636,"minecraft:swim_one_cm":52420,"minecraft:fly_one_cm":1348919,"minecraft:open_chest":74,"minecraft:fall_one_cm":162516},"minecraft:broken":{"minecraft:stone_axe":2,"minecraft:wooden_axe":1,"aether:chainmail_gloves":1},"minecraft:used":{"born_in_chaos_v1:intoxicating_decoction":1,"minecraft:rotten_flesh":2,"aquaculture:bluegill":2,"minecraft:carrot":4,"minecraft:tuff":1,"minecraft:obsidian":7,"ancient_elements:steel_pickaxe":4,"born_in_chaos_v1:smoked_flesh":3,"minecraft:grass_block":1,"minecraft:stone_bricks":2,"minecraft:written_book":1,"minecraft:furnace":5,"minecraft:dark_oak_stairs":1,"minecraft:diorite":13,"minecraft:stone_pickaxe":111,"minecraft:oak_planks":118,"minecraft:mushroom_stew":1,"minecraft:blast_furnace":2,"born_in_chaos_v1:monster_flesh":1,"minecraft:bread":41,"minecraft:lectern":1,"minecraft:gravel":1,"spartanweaponry:copper_battle_hammer":7,"born_in_chaos_v1:rotten_fish":1,"minecraft:experience_bottle":2,"minecraft:stone_sword":187,"minecraft:flint_and_steel":2,"born_in_chaos_v1:ethereal_spirit":3,"minecraft:dried_kelp":3,"create:veridium":13,"minecraft:netherrack":26,"minecraft:dirt":5,"ancient_elements:cloud":2,"minecraft:wooden_axe":30,"minecraft:dark_oak_planks":1,"epicfight:stone_greatsword":5,"minecraft:cooked_beef":8,"minecraft:cobbled_deepslate":2,"minecraft:cooked_mutton":1,"minecraft:water_bucket":160,"ancient_elements:palladium_sword":164,"quark:hollow_birch_log":2,"minecraft:spruce_sign":1,"minecraft:crafting_table":17,"minecraft:white_bed":1,"minecraft:smoker":1,"minecraft:dark_prismarine":4,"minecraft:diamond_pickaxe":216,"minecraft:apple":23,"minecraft:iron_pickaxe":274,"minecraft:stone_slab":1,"minecraft:stone_axe":187,"minecraft:cobblestone":22,"minecraft:bucket":161,"minecraft:gray_wool":1},"minecraft:picked_up":{"minecraft:wheat":1,"minecraft:flower_pot":2,"minecraft:stone_slab":1,"ancient_elements:raw_palladium":21,"minecraft:string":3,"minecraft:experience_bottle":1,"minecraft:cobbled_deepslate":17,"minecraft:rose_bush":6,"minecraft:written_book":2,"spartanweaponry:iron_flanged_mace":1,"minecraft:furnace":4,"biomesoplenty:rose_quartz_block":6,"minecraft:stick":3,"born_in_chaos_v1:shattered_skull":1,"minecraft:diorite":17,"minecraft:stone_sword":1,"minecraft:rotten_flesh":46,"biomesoplenty:rose_quartz_chunk":1,"aether:chainmail_gloves":1,"supplementaries:antique_ink":3,"create:veridium":13,"supplementaries:ash":3,"minecraft:obsidian":6,"minecraft:cobblestone":195,"minecraft:birch_log":6,"minecraft:cooked_beef":1,"minecraft:andesite":1,"minecraft:smoker":1,"minecraft:potato":1,"ancient_elements:raw_lead":22,"minecraft:flint":1,"minecraft:tuff":3,"ancient_elements:selenite_crystal_block":6,"minecraft:dirt":13,"born_in_chaos_v1:monster_skin":2,"minecraft:bone":23,"minecraft:wheat_seeds":4,"minecraft:oak_planks":2,"minecraft:grass_block":1,"minecraft:dark_prismarine":4,"born_in_chaos_v1:fire_dust":1,"minecraft:diamond":5,"minecraft:granite":6,"minecraft:emerald":2,"minecraft:spruce_sign":1,"born_in_chaos_v1:rotten_fish":1,"minecraft:oak_sapling":6,"minecraft:netherrack":154,"born_in_chaos_v1:diamond_termite_shard":5,"minecraft:charcoal":24,"minecraft:crafting_table":10,"minecraft:azure_bluet":1,"ancient_elements:cloud":2,"minecraft:gold_block":2,"minecraft:chain":1,"born_in_chaos_v1:intoxicating_decoction":1,"ancient_elements:selenite_shard":3,"aquaculture:bluegill":2,"minecraft:beef":17,"minecraft:player_head":1,"minecraft:iron_nugget":30,"minecraft:lectern":1,"minecraft:sugar_cane":36,"minecraft:raw_iron":38,"ancient_elements:raw_steel":17,"ancient_elements:raw_tin":4,"born_in_chaos_v1:pieceofdarkmetal":3,"minecraft:carrot":2,"minecraft:redstone":20,"minecraft:dark_oak_planks":3,"minecraft:arrow":2,"aquaculture:brown_trout":4,"minecraft:hay_block":90,"minecraft:mutton":18,"minecraft:white_wool":31,"minecraft:oxeye_daisy":1,"born_in_chaos_v1:corpse_maggot":3,"born_in_chaos_v1:monster_flesh":3,"minecraft:glow_ink_sac":2,"minecraft:magenta_banner":1,"minecraft:leather":5,"minecraft:birch_planks":11,"minecraft:oak_log":45,"minecraft:gunpowder":2,"minecraft:cobblestone_wall":2,"minecraft:cooked_mutton":1,"minecraft:apple":1,"minecraft:stone_bricks":2,"minecraft:iron_ingot":2,"minecraft:stone_pickaxe":1,"minecraft:dark_oak_stairs":1,"quark:stick_block":1,"minecraft:book":24,"epicfight:stone_greatsword":1,"born_in_chaos_v1:ethereal_spirit":3,"minecraft:dandelion":4,"minecraft:gravel":1,"minecraft:blast_furnace":3,"minecraft:spider_eye":1,"minecraft:green_carpet":7,"quark:hollow_birch_log":2,"minecraft:gray_wool":1,"minecraft:black_wool":1,"minecraft:coal":20},"minecraft:dropped":{"minecraft:glass_bottle":4,"biomesoplenty:rose_quartz_chunk":1,"ancient_elements:raw_lead":4,"born_in_chaos_v1:monster_flesh":2,"minecraft:dirt":8,"born_in_chaos_v1:monster_skin":2,"minecraft:chain":1,"minecraft:iron_pickaxe":1,"minecraft:bone":5,"minecraft:cobbled_deepslate":9,"minecraft:rotten_flesh":29,"supplementaries:antique_ink":3,"ancient_elements:raw_tin":2,"minecraft:gunpowder":2,"minecraft:arrow":2,"minecraft:written_book":2,"born_in_chaos_v1:shattered_skull":1,"minecraft:wheat_seeds":2,"minecraft:cobblestone":108,"minecraft:granite":6,"spartanweaponry:iron_flanged_mace":1,"minecraft:diorite":4,"minecraft:rose_bush":6,"minecraft:iron_leggings":1,"minecraft:green_carpet":7,"minecraft:dandelion":4,"minecraft:stone_sword":3,"minecraft:cobblestone_wall":2,"minecraft:bowl":1,"minecraft:tuff":2,"minecraft:potato":4,"minecraft:flower_pot":2,"aether:chainmail_gloves":1,"minecraft:iron_chestplate":1,"ancient_elements:selenite_crystal_block":6,"minecraft:oak_sapling":6,"minecraft:spider_eye":1,"ancient_elements:selenite_shard":3,"minecraft:red_sand":32,"minecraft:stone_pickaxe":1,"minecraft:black_wool":1},"minecraft:crafted":{"minecraft:oak_planks":164,"usefulbackpacks:backpack_small":1,"spartanweaponry:copper_battle_hammer":1,"minecraft:cooked_mutton":3,"minecraft:smoker":1,"minecraft:crafting_table":8,"minecraft:copper_ingot":6,"minecraft:birch_planks":24,"minecraft:iron_chestplate":1,"minecraft:diamond_pickaxe":1,"minecraft:stick":29,"usefulbackpacks:backpack_large":1,"minecraft:iron_ingot":15,"minecraft:iron_pickaxe":1,"minecraft:stone_sword":2,"ancient_elements:steel_pickaxe":1,"ancient_elements:steel_helmet":2,"ancient_elements:steel_ingot":17,"minecraft:furnace":3,"minecraft:flint_and_steel":1,"ancient_elements:steel_boots":1,"ancient_elements:palladium_leggings":1,"ancient_elements:palladium_sword":1,"usefulbackpacks:backpack_medium":1,"minecraft:wheat":810,"minecraft:cooked_beef":7,"spartanweaponry:handle":4,"minecraft:bucket":1,"minecraft:stone_axe":3,"minecraft:bread":270,"minecraft:air":0,"ancient_elements:palladium_ingot":17,"minecraft:wooden_axe":1,"minecraft:iron_leggings":1,"minecraft:white_bed":1,"ancient_elements:palladium_chestplate":1}},"DataVersion":3465}