{"stats":{"minecraft:mined":{"minecraft:dark_oak_planks":3,"minecraft:dark_prismarine":4,"minecraft:red_carpet":2,"ancient_elements:lead_ore":7,"minecraft:spruce_trapdoor":1,"minecraft:grass_block":2,"biomesoplenty:flowering_oak_leaves":3,"minecraft:spawner":7,"quark:hollow_birch_log":3,"minecraft:hay_block":13,"minecraft:furnace":1,"minecraft:iron_ore":6,"minecraft:andesite":2,"ancient_elements:tin_ore":2,"minecraft:azure_bluet":1,"minecraft:dark_oak_stairs":1,"minecraft:bookshelf":8,"minecraft:potatoes":1,"minecraft:stone":34,"create:veridium":16,"minecraft:player_head":1,"minecraft:white_wool":23,"minecraft:glass_pane":6,"minecraft:smoker":1,"minecraft:crafting_table":3,"create:scoria":1,"minecraft:rose_bush":3,"minecraft:lectern":1,"minecraft:stone_slab":1,"minecraft:spruce_wall_sign":1,"ancient_elements:cloud":2,"minecraft:tall_grass":1,"minecraft:cobblestone":8,"biomesoplenty:huge_clover_petal":4,"minecraft:sugar_cane":13,"supplementaries:urn":1,"minecraft:cobblestone_wall":2,"minecraft:birch_log":6,"minecraft:birch_leaves":1,"minecraft:grass":4,"biomesoplenty:clover":8,"minecraft:oak_log":44,"minecraft:coal_ore":7,"biomesoplenty:redwood_leaves":1,"minecraft:dirt":6,"minecraft:cobweb":1,"born_in_chaos_v1:infernal_evil_pumpkin_s":1,"minecraft:stone_bricks":1,"minecraft:oak_leaves":1,"minecraft:fern":1},"minecraft:killed":{"aquaculture:bluegill":2,"born_in_chaos_v1:restless_spirit":2,"born_in_chaos_v1:door_knight_not_despawn":2,"minecraft:vindicator":2,"minecraft:spider":3,"alexsmobs:tasmanian_devil":1,"enemyexpansion:goblin_fear":2,"born_in_chaos_v1:maggot":1,"aquaculture:brown_trout":4,"born_in_chaos_v1:corpse_fish":1,"farlanders:wanderer":1,"enemyexpansion:goblin":1,"born_in_chaos_v1:fallen_chaos_knight":1,"minecraft:pig":1,"born_in_chaos_v1:baby_skeleton":1,"minecraft:creeper":2,"born_in_chaos_v1:decrepit_skeleton":5,"minecraft:sheep":10,"enemyexpansion:meature":1,"minecraft:zombie":3,"born_in_chaos_v1:dread_hound":1,"enemyexpansion:huntsman":1,"minecraft:cow":4},"minecraft:killed_by":{"minecraft:player":1,"born_in_chaos_v1:corpse_fly":1,"enemyexpansion:huntsman":1,"born_in_chaos_v1:dread_hound":1,"enemyexpansion:invisicreeper":1,"minecraft:vex":1},"minecraft:custom":{"minecraft:mob_kills":52,"minecraft:interact_with_crafting_table":29,"minecraft:open_barrel":33,"minecraft:damage_dealt_resisted":36,"minecraft:eat_cake_slice":3,"minecraft:leave_game":1,"minecraft:time_since_death":2673,"minecraft:climb_one_cm":508,"minecraft:sprint_one_cm":234587,"minecraft:walk_one_cm":489519,"minecraft:drop":17,"minecraft:play_noteblock":1,"minecraft:damage_dealt_absorbed":99,"minecraft:talked_to_villager":8,"minecraft:play_time":48615,"minecraft:deaths":7,"minecraft:sneak_time":1486,"minecraft:walk_under_water_one_cm":4625,"minecraft:jump":1603,"minecraft:walk_on_water_one_cm":14511,"minecraft:total_world_time":48615,"minecraft:interact_with_furnace":3,"minecraft:tune_noteblock":1,"minecraft:time_since_rest":2729,"minecraft:damage_taken":2961,"minecraft:damage_dealt":9291,"minecraft:swim_one_cm":10329,"minecraft:fly_one_cm":479543,"minecraft:open_chest":44,"minecraft:crouch_one_cm":9343,"minecraft:interact_with_smoker":4,"minecraft:fall_one_cm":50659},"minecraft:broken":{"minecraft:stone_axe":2,"minecraft:wooden_axe":1},"minecraft:used":{"minecraft:stone_sword":103,"born_in_chaos_v1:ethereal_spirit":3,"minecraft:dried_kelp":3,"create:veridium":13,"minecraft:rotten_flesh":2,"aquaculture:bluegill":2,"ancient_elements:cloud":2,"minecraft:dark_oak_planks":1,"minecraft:wooden_axe":30,"born_in_chaos_v1:smoked_flesh":3,"epicfight:stone_greatsword":5,"minecraft:furnace":2,"minecraft:cooked_beef":5,"minecraft:cooked_mutton":1,"minecraft:dark_oak_stairs":1,"minecraft:stone_pickaxe":111,"minecraft:oak_planks":116,"quark:hollow_birch_log":2,"minecraft:spruce_sign":1,"minecraft:crafting_table":6,"minecraft:mushroom_stew":1,"minecraft:smoker":1,"minecraft:dark_prismarine":4,"minecraft:apple":5,"minecraft:bread":3,"minecraft:lectern":1,"minecraft:stone_slab":1,"minecraft:stone_axe":166,"minecraft:cobblestone":4,"born_in_chaos_v1:rotten_fish":1,"minecraft:gray_wool":1,"minecraft:experience_bottle":1},"minecraft:picked_up":{"minecraft:crafting_table":3,"minecraft:stone_slab":1,"ancient_elements:cloud":2,"minecraft:chain":1,"minecraft:string":3,"minecraft:experience_bottle":1,"aquaculture:bluegill":2,"minecraft:beef":15,"minecraft:rose_bush":6,"minecraft:player_head":1,"minecraft:lectern":1,"minecraft:sugar_cane":23,"minecraft:furnace":1,"minecraft:stick":3,"minecraft:raw_iron":6,"born_in_chaos_v1:shattered_skull":1,"ancient_elements:raw_tin":2,"born_in_chaos_v1:pieceofdarkmetal":3,"minecraft:carrot":1,"minecraft:dark_oak_planks":3,"minecraft:rotten_flesh":29,"minecraft:hay_block":12,"aquaculture:brown_trout":4,"supplementaries:antique_ink":3,"create:veridium":13,"minecraft:mutton":18,"minecraft:cobblestone":44,"minecraft:white_wool":31,"minecraft:birch_log":6,"minecraft:cooked_beef":1,"minecraft:leather":5,"minecraft:smoker":1,"minecraft:potato":1,"ancient_elements:raw_lead":7,"minecraft:oak_log":44,"minecraft:cobblestone_wall":2,"minecraft:dirt":5,"minecraft:cooked_mutton":1,"minecraft:bone":17,"minecraft:apple":1,"minecraft:stone_pickaxe":1,"minecraft:dark_oak_stairs":1,"minecraft:book":24,"epicfight:stone_greatsword":1,"born_in_chaos_v1:ethereal_spirit":3,"minecraft:spider_eye":1,"minecraft:dark_prismarine":4,"quark:hollow_birch_log":2,"minecraft:emerald":2,"minecraft:gray_wool":1,"minecraft:spruce_sign":1,"born_in_chaos_v1:rotten_fish":1,"minecraft:oak_sapling":6,"minecraft:black_wool":1,"minecraft:coal":17},"minecraft:dropped":{"born_in_chaos_v1:shattered_skull":1,"minecraft:glass_bottle":3,"minecraft:dirt":2,"minecraft:rose_bush":6,"minecraft:chain":1,"minecraft:bowl":1,"minecraft:rotten_flesh":12,"supplementaries:antique_ink":3,"minecraft:potato":4,"minecraft:oak_sapling":6,"minecraft:spider_eye":1,"minecraft:black_wool":1},"minecraft:crafted":{"minecraft:oak_planks":160,"usefulbackpacks:backpack_small":1,"minecraft:furnace":2,"minecraft:cooked_mutton":3,"usefulbackpacks:backpack_medium":1,"minecraft:smoker":1,"minecraft:wheat":108,"minecraft:cooked_beef":7,"minecraft:crafting_table":4,"minecraft:birch_planks":24,"minecraft:stone_axe":2,"minecraft:bread":36,"minecraft:air":0,"minecraft:iron_chestplate":1,"minecraft:stick":8,"usefulbackpacks:backpack_large":1,"minecraft:wooden_axe":1,"minecraft:stone_sword":1,"minecraft:iron_leggings":1}},"DataVersion":3465}