{"stats":{"minecraft:mined":{"minecraft:dark_oak_planks":3,"minecraft:dark_prismarine":4,"minecraft:red_carpet":2,"minecraft:tuff":3,"ancient_elements:lead_ore":21,"minecraft:deepslate_diamond_ore":3,"minecraft:obsidian":6,"minecraft:spruce_trapdoor":1,"minecraft:granite":6,"biomesoplenty:bush":1,"minecraft:grass_block":6,"biomesoplenty:rose_quartz_block":8,"born_in_chaos_v1:black_argillite":1,"biomesoplenty:flowering_oak_leaves":3,"minecraft:spawner":7,"quark:hollow_birch_log":3,"minecraft:hay_block":43,"minecraft:furnace":4,"ancient_elements:selenite_crystal_block":6,"minecraft:iron_ore":19,"ancient_elements:selenite_clust":1,"minecraft:andesite":2,"ancient_elements:tin_ore":4,"minecraft:gold_block":2,"minecraft:azure_bluet":1,"minecraft:dark_oak_stairs":1,"minecraft:bookshelf":8,"minecraft:potatoes":2,"minecraft:deepslate_iron_ore":12,"ancient_elements:palladium_ore":21,"ancient_elements:reflectine":1,"minecraft:stone":160,"create:veridium":16,"minecraft:player_head":1,"minecraft:white_wool":23,"ancient_elements:steel_ore":17,"minecraft:deepslate_redstone_ore":4,"minecraft:glass_pane":6,"minecraft:smoker":1,"minecraft:crafting_table":10,"born_in_chaos_v1:infected_deepslate_diamond_ore":4,"minecraft:blast_furnace":3,"create:scoria":1,"minecraft:rose_bush":3,"minecraft:lectern":1,"ancient_elements:deepslate_tin_ore":1,"minecraft:stone_slab":1,"minecraft:spruce_wall_sign":1,"ancient_elements:cloud":2,"minecraft:tall_grass":3,"minecraft:cobblestone":8,"born_in_chaos_v1:chipped_black_argillite_brick":1,"biomesoplenty:huge_clover_petal":4,"minecraft:sugar_cane":22,"minecraft:diorite":17,"ancient_elements:budding_selenite":1,"supplementaries:urn":3,"minecraft:cobblestone_wall":2,"minecraft:birch_log":6,"minecraft:wheat":1,"minecraft:birch_leaves":1,"minecraft:grass":4,"biomesoplenty:clover":8,"minecraft:oak_log":44,"minecraft:coal_ore":7,"biomesoplenty:redwood_leaves":1,"minecraft:gravel":2,"minecraft:dirt":12,"minecraft:cobweb":1,"minecraft:netherrack":156,"born_in_chaos_v1:infernal_evil_pumpkin_s":1,"minecraft:stone_bricks":1,"minecraft:oak_leaves":2,"minecraft:deepslate":14,"minecraft:fern":1},"minecraft:killed_by":{"minecraft:player":1,"born_in_chaos_v1:nightmare_stalker":1,"born_in_chaos_v1:skeleton_thrasher":1,"born_in_chaos_v1:corpse_fly":1,"enemyexpansion:huntsman":1,"minecraft:skeleton":4,"minecraft:zombie":2,"born_in_chaos_v1:door_knight":1,"born_in_chaos_v1:dread_hound":1,"enemyexpansion:invisicreeper":1,"minecraft:vex":1},"minecraft:killed":{"enemyexpansion:trollenraged":1,"aquaculture:bluegill":2,"born_in_chaos_v1:restless_spirit":2,"born_in_chaos_v1:door_knight_not_despawn":2,"minecraft:spider":3,"minecraft:vindicator":2,"endermanoverhaul:dark_oak_enderman":1,"alexsmobs:tasmanian_devil":1,"enemyexpansion:direwolf":4,"enemyexpansion:goblin_fear":2,"born_in_chaos_v1:zombie_bruiser":1,"born_in_chaos_v1:maggot":1,"minecraft:skeleton":2,"aquaculture:brown_trout":4,"born_in_chaos_v1:corpse_fish":1,"farlanders:wanderer":1,"enemyexpansion:goblin":1,"born_in_chaos_v1:fallen_chaos_knight":1,"minecraft:pig":1,"born_in_chaos_v1:diamond_termite":8,"born_in_chaos_v1:baby_skeleton":2,"minecraft:bat":1,"minecraft:creeper":2,"born_in_chaos_v1:decrepit_skeleton":5,"minecraft:sheep":10,"enemyexpansion:meature":1,"minecraft:zombie":9,"born_in_chaos_v1:dread_hound":4,"born_in_chaos_v1:corpse_fly":2,"enemyexpansion:huntsman":1,"alexsmobs:crow":1,"minecraft:cow":4},"minecraft:custom":{"minecraft:interact_with_anvil":1,"minecraft:mob_kills":89,"minecraft:interact_with_crafting_table":52,"minecraft:fill_cauldron":2,"minecraft:open_barrel":69,"minecraft:damage_dealt_resisted":639,"minecraft:eat_cake_slice":3,"minecraft:leave_game":2,"minecraft:time_since_death":22216,"minecraft:climb_one_cm":2134,"minecraft:sprint_one_cm":621364,"minecraft:walk_one_cm":896929,"minecraft:drop":59,"minecraft:play_noteblock":1,"minecraft:damage_dealt_absorbed":99,"minecraft:talked_to_villager":12,"minecraft:play_time":134376,"minecraft:sneak_time":4365,"minecraft:deaths":19,"minecraft:walk_under_water_one_cm":22267,"minecraft:jump":3653,"minecraft:interact_with_blast_furnace":11,"minecraft:walk_on_water_one_cm":48867,"minecraft:total_world_time":134376,"minecraft:interact_with_furnace":33,"minecraft:tune_noteblock":1,"minecraft:sleep_in_bed":1,"minecraft:time_since_rest":10483,"minecraft:damage_taken":7775,"minecraft:damage_dealt":17088,"minecraft:swim_one_cm":33097,"minecraft:fly_one_cm":1145856,"minecraft:open_chest":66,"minecraft:crouch_one_cm":22023,"minecraft:use_cauldron":2,"minecraft:fall_one_cm":135642,"minecraft:interact_with_smoker":4},"minecraft:broken":{"minecraft:stone_axe":2,"minecraft:wooden_axe":1},"minecraft:used":{"minecraft:flint_and_steel":1,"minecraft:stone_sword":187,"born_in_chaos_v1:ethereal_spirit":3,"minecraft:dried_kelp":3,"create:veridium":13,"minecraft:netherrack":6,"minecraft:rotten_flesh":2,"aquaculture:bluegill":2,"minecraft:dirt":5,"minecraft:carrot":4,"minecraft:tuff":1,"minecraft:obsidian":7,"ancient_elements:steel_pickaxe":4,"ancient_elements:cloud":2,"minecraft:dark_oak_planks":1,"minecraft:wooden_axe":30,"born_in_chaos_v1:smoked_flesh":3,"minecraft:grass_block":1,"epicfight:stone_greatsword":5,"minecraft:furnace":5,"minecraft:cooked_beef":8,"minecraft:cobbled_deepslate":2,"minecraft:cooked_mutton":1,"minecraft:dark_oak_stairs":1,"minecraft:water_bucket":118,"minecraft:diorite":13,"minecraft:oak_planks":118,"minecraft:stone_pickaxe":111,"ancient_elements:palladium_sword":98,"quark:hollow_birch_log":2,"minecraft:spruce_sign":1,"minecraft:blast_furnace":2,"minecraft:crafting_table":15,"minecraft:mushroom_stew":1,"minecraft:white_bed":1,"minecraft:smoker":1,"minecraft:dark_prismarine":4,"minecraft:diamond_pickaxe":172,"minecraft:apple":23,"born_in_chaos_v1:monster_flesh":1,"minecraft:bread":22,"minecraft:iron_pickaxe":274,"minecraft:lectern":1,"minecraft:stone_slab":1,"minecraft:gravel":1,"minecraft:stone_axe":173,"minecraft:cobblestone":13,"born_in_chaos_v1:rotten_fish":1,"minecraft:bucket":118,"minecraft:gray_wool":1,"minecraft:experience_bottle":1},"minecraft:picked_up":{"minecraft:crafting_table":9,"born_in_chaos_v1:diamond_termite_shard":5,"minecraft:wheat":1,"minecraft:flower_pot":2,"minecraft:stone_slab":1,"ancient_elements:cloud":2,"minecraft:gold_block":2,"minecraft:chain":1,"ancient_elements:raw_palladium":21,"minecraft:string":3,"minecraft:experience_bottle":1,"ancient_elements:selenite_shard":3,"aquaculture:bluegill":2,"minecraft:cobbled_deepslate":14,"minecraft:beef":17,"minecraft:rose_bush":6,"minecraft:player_head":1,"minecraft:iron_nugget":30,"biomesoplenty:rose_quartz_block":6,"minecraft:lectern":1,"minecraft:sugar_cane":36,"spartanweaponry:iron_flanged_mace":1,"minecraft:furnace":4,"minecraft:stick":3,"minecraft:raw_iron":38,"ancient_elements:raw_steel":17,"born_in_chaos_v1:shattered_skull":1,"ancient_elements:raw_tin":4,"minecraft:diorite":17,"born_in_chaos_v1:pieceofdarkmetal":3,"minecraft:carrot":2,"minecraft:redstone":20,"minecraft:dark_oak_planks":3,"minecraft:arrow":1,"minecraft:stone_sword":1,"minecraft:rotten_flesh":37,"biomesoplenty:rose_quartz_chunk":1,"aether:chainmail_gloves":1,"aquaculture:brown_trout":4,"supplementaries:antique_ink":3,"minecraft:hay_block":42,"create:veridium":13,"supplementaries:ash":3,"minecraft:obsidian":6,"minecraft:mutton":18,"minecraft:white_wool":31,"minecraft:cobblestone":166,"minecraft:birch_log":6,"born_in_chaos_v1:corpse_maggot":3,"minecraft:cooked_beef":1,"born_in_chaos_v1:monster_flesh":3,"minecraft:leather":5,"minecraft:birch_planks":11,"minecraft:smoker":1,"minecraft:potato":1,"ancient_elements:raw_lead":22,"minecraft:flint":1,"minecraft:tuff":3,"minecraft:oak_log":44,"minecraft:cobblestone_wall":2,"ancient_elements:selenite_crystal_block":6,"minecraft:gunpowder":2,"minecraft:dirt":13,"born_in_chaos_v1:monster_skin":2,"minecraft:cooked_mutton":1,"minecraft:bone":21,"minecraft:apple":1,"minecraft:wheat_seeds":2,"minecraft:stone_pickaxe":1,"minecraft:dark_oak_stairs":1,"minecraft:book":24,"epicfight:stone_greatsword":1,"born_in_chaos_v1:ethereal_spirit":3,"minecraft:gravel":1,"minecraft:blast_furnace":3,"minecraft:green_carpet":7,"minecraft:grass_block":1,"minecraft:spider_eye":1,"minecraft:dark_prismarine":4,"minecraft:diamond":2,"minecraft:netherrack":154,"minecraft:granite":6,"quark:hollow_birch_log":2,"minecraft:gray_wool":1,"minecraft:spruce_sign":1,"minecraft:emerald":2,"minecraft:oak_sapling":6,"born_in_chaos_v1:rotten_fish":1,"minecraft:black_wool":1,"minecraft:coal":19},"minecraft:dropped":{"born_in_chaos_v1:shattered_skull":1,"minecraft:wheat_seeds":2,"minecraft:glass_bottle":3,"minecraft:cobblestone":108,"biomesoplenty:rose_quartz_chunk":1,"minecraft:granite":6,"ancient_elements:raw_lead":4,"born_in_chaos_v1:monster_flesh":2,"minecraft:dirt":8,"spartanweaponry:iron_flanged_mace":1,"minecraft:diorite":4,"born_in_chaos_v1:monster_skin":2,"minecraft:rose_bush":6,"minecraft:green_carpet":7,"minecraft:iron_leggings":1,"minecraft:chain":1,"minecraft:iron_pickaxe":1,"minecraft:bone":5,"minecraft:cobbled_deepslate":9,"minecraft:cobblestone_wall":2,"minecraft:stone_sword":3,"minecraft:bowl":1,"minecraft:tuff":2,"minecraft:rotten_flesh":20,"supplementaries:antique_ink":3,"ancient_elements:raw_tin":2,"minecraft:potato":4,"minecraft:flower_pot":2,"minecraft:gunpowder":2,"aether:chainmail_gloves":1,"minecraft:iron_chestplate":1,"ancient_elements:selenite_crystal_block":6,"minecraft:oak_sapling":6,"ancient_elements:selenite_shard":3,"minecraft:spider_eye":1,"minecraft:arrow":1,"minecraft:red_sand":32,"minecraft:stone_pickaxe":1,"minecraft:black_wool":1},"minecraft:crafted":{"minecraft:oak_planks":160,"ancient_elements:steel_pickaxe":1,"ancient_elements:steel_helmet":2,"ancient_elements:steel_ingot":17,"usefulbackpacks:backpack_small":1,"minecraft:furnace":3,"minecraft:flint_and_steel":1,"minecraft:cooked_mutton":3,"ancient_elements:steel_boots":1,"ancient_elements:palladium_leggings":1,"ancient_elements:palladium_sword":1,"usefulbackpacks:backpack_medium":1,"minecraft:smoker":1,"minecraft:wheat":108,"minecraft:cooked_beef":7,"minecraft:crafting_table":6,"minecraft:bucket":1,"minecraft:birch_planks":24,"minecraft:stone_axe":3,"minecraft:bread":36,"minecraft:air":0,"minecraft:iron_chestplate":1,"minecraft:diamond_pickaxe":1,"minecraft:stick":8,"minecraft:iron_pickaxe":1,"minecraft:iron_ingot":15,"usefulbackpacks:backpack_large":1,"ancient_elements:palladium_ingot":17,"minecraft:wooden_axe":1,"minecraft:stone_sword":2,"minecraft:iron_leggings":1,"minecraft:white_bed":1,"ancient_elements:palladium_chestplate":1}},"DataVersion":3465}