{"stats":{"minecraft:killed":{"farlanders:looter":1,"farlanders:rebel":1,"minecraft:zombie_villager":1,"born_in_chaos_v1:restless_spirit":1,"born_in_chaos_v1:swarmer":1,"minecraft:spider":1,"farlanders:fanmade_enderman":1,"enemyexpansion:sprinter":2,"born_in_chaos_v1:maggot":1,"born_in_chaos_v1:decrepit_skeleton":2,"minecraft:sheep":1,"alexsmobs:cockroach":1,"born_in_chaos_v1:dread_hound":1,"born_in_chaos_v1:corpse_fly":5,"born_in_chaos_v1:skeleton_thrasher":1,"enemyexpansion:goblin":1,"enemyexpansion:wasp":1,"minecraft:cow":1,"artifacts:mimic":1},"minecraft:mined":{"ancient_elements:steel_ore":1,"minecraft:crafting_table":8,"minecraft:grass_block":7,"minecraft:rose_bush":2,"biomesoplenty:flowering_oak_leaves":2,"minecraft:cobblestone":5,"biomesoplenty:sprout":1,"minecraft:oak_planks":1,"minecraft:gray_wool":1,"ancient_elements:topaz_clust":5,"ancient_elements:topaz_crystal_block":3,"minecraft:furnace":4,"ancient_elements:selenite_crystal_block":2,"minecraft:iron_ore":33,"minecraft:andesite":7,"ancient_elements:cerulean_clust":3,"minecraft:grass":2,"minecraft:oak_log":24,"minecraft:coal_ore":19,"minecraft:deepslate_iron_ore":15,"ancient_elements:palladium_ore":5,"ancient_elements:budding_nocturn":1,"minecraft:stone":43,"minecraft:oak_leaves":14,"minecraft:deepslate":4},"minecraft:killed_by":{"minecraft:player":1,"minecraft:skeleton":1,"minecraft:creeper":1,"ancient_elements:selenite_crystal_slime":1},"minecraft:used":{"minecraft:stone_sword":117,"ancient_elements:palladium_sword":53,"minecraft:stone_pickaxe":99,"minecraft:oak_planks":16,"minecraft:shield":1,"minecraft:wooden_pickaxe":15,"minecraft:cooked_salmon":8,"minecraft:iron_chestplate":1,"minecraft:dirt":17,"minecraft:crafting_table":8,"minecraft:oak_log":1,"minecraft:wooden_axe":14,"born_in_chaos_v1:monster_flesh":1,"minecraft:iron_axe":6,"minecraft:iron_pickaxe":38,"minecraft:stone_axe":7,"minecraft:cobblestone":35,"minecraft:beef":2,"minecraft:furnace":4,"minecraft:andesite":3,"minecraft:cobbled_deepslate":2},"minecraft:dropped":{"minecraft:stone_axe":1,"minecraft:stone_sword":1,"minecraft:cobbled_deepslate":2,"minecraft:feather":8,"minecraft:stick":7,"minecraft:dirt":4,"alexsmobs:cockroach_wing_fragment":1,"minecraft:oak_sapling":4,"minecraft:rose_bush":2,"minecraft:stone_pickaxe":1,"minecraft:bone":9},"minecraft:custom":{"minecraft:interact_with_furnace":51,"spartanshields:shield_bash_hits":1,"minecraft:interact_with_anvil":2,"minecraft:mob_kills":26,"minecraft:interact_with_crafting_table":14,"minecraft:open_barrel":19,"minecraft:damage_dealt_resisted":915,"minecraft:leave_game":1,"minecraft:time_since_death":1753,"minecraft:time_since_rest":1762,"minecraft:sprint_one_cm":418061,"minecraft:damage_taken":2116,"minecraft:walk_one_cm":229499,"minecraft:damage_blocked_by_shield":75,"minecraft:drop":15,"minecraft:damage_dealt":6171,"minecraft:swim_one_cm":2885,"minecraft:fly_one_cm":283841,"minecraft:player_kills":4,"minecraft:open_chest":5,"minecraft:crouch_one_cm":17899,"minecraft:play_time":66734,"minecraft:deaths":6,"minecraft:sneak_time":2649,"minecraft:walk_under_water_one_cm":827,"minecraft:jump":1106,"minecraft:interact_with_blast_furnace":13,"minecraft:walk_on_water_one_cm":1609,"minecraft:total_world_time":66734,"minecraft:fall_one_cm":26950},"minecraft:picked_up":{"minecraft:crafting_table":8,"born_in_chaos_v1:monster_flesh":1,"minecraft:andesite":7,"minecraft:leather":1,"enemyexpansion:wasp_thorax":1,"minecraft:oak_log":24,"ancient_elements:raw_palladium":5,"minecraft:shield":1,"ancient_elements:selenite_crystal_block":2,"minecraft:dirt":23,"minecraft:bone":9,"minecraft:cobbled_deepslate":4,"alexsmobs:cockroach_wing_fragment":1,"minecraft:beef":2,"minecraft:rose_bush":4,"minecraft:oak_planks":1,"minecraft:furnace":4,"ancient_elements:raw_steel":1,"minecraft:stick":4,"minecraft:raw_iron":48,"born_in_chaos_v1:ethereal_spirit":1,"artifacts:vampiric_glove":1,"ancient_elements:cerulean_shard":6,"ancient_elements:topaz_shard":15,"minecraft:stone_sword":1,"minecraft:rotten_flesh":10,"supplementaries:antique_ink":2,"minecraft:gray_wool":1,"ancient_elements:topaz_crystal_block":3,"minecraft:mutton":2,"minecraft:oak_sapling":4,"minecraft:coal":33,"minecraft:white_wool":1,"minecraft:cobblestone":51,"minecraft:ender_pearl":1},"minecraft:crafted":{"minecraft:red_dye":4,"minecraft:oak_planks":88,"minecraft:crafting_table":1,"minecraft:wooden_pickaxe":1,"spartanweaponry:handle":4,"minecraft:furnace":1,"minecraft:cooked_salmon":10,"spartanweaponry:copper_battle_hammer":1,"minecraft:stone_axe":1,"minecraft:air":0,"minecraft:iron_boots":1,"minecraft:iron_chestplate":1,"ancient_elements:palladium_sword":1,"minecraft:stick":16,"ancient_elements:palladium_ingot":5,"minecraft:iron_pickaxe":1,"minecraft:stone_sword":1,"minecraft:iron_ingot":23,"minecraft:wooden_axe":1,"minecraft:stone_pickaxe":1,"minecraft:iron_leggings":1,"minecraft:torch":4}},"DataVersion":3465}