{"stats":{"minecraft:mined":{"minecraft:grass_block":8,"minecraft:brick_stairs":1,"biomesoplenty:flowering_oak_leaves":2,"minecraft:spawner":7,"minecraft:large_fern":1,"ancient_elements:topaz_clust":5,"ancient_elements:topaz_crystal_block":3,"minecraft:furnace":5,"ancient_elements:selenite_crystal_block":2,"minecraft:iron_ore":33,"minecraft:andesite":7,"minecraft:deepslate_iron_ore":15,"ancient_elements:palladium_ore":5,"minecraft:iron_bars":14,"ancient_elements:budding_nocturn":1,"minecraft:stone":44,"minecraft:granite_stairs":1,"minecraft:polished_granite_stairs":1,"ancient_elements:steel_ore":1,"minecraft:crafting_table":8,"minecraft:rose_bush":2,"minecraft:cobblestone":9,"biomesoplenty:sprout":1,"minecraft:oak_planks":1,"minecraft:bricks":3,"minecraft:gray_wool":1,"minecraft:lime_bed":2,"minecraft:birch_log":2,"ancient_elements:cerulean_clust":3,"biomesoplenty:clover":1,"minecraft:grass":2,"minecraft:oak_log":29,"minecraft:coal_ore":19,"minecraft:dirt":1,"minecraft:cobweb":6,"minecraft:cracked_stone_bricks":1,"minecraft:polished_andesite":1,"biomesoplenty:redwood_wood":17,"minecraft:oak_leaves":14,"minecraft:deepslate":4},"minecraft:killed_by":{"minecraft:player":1,"minecraft:creeper":1,"ancient_elements:selenite_crystal_slime":1,"minecraft:skeleton":1,"minecraft:zombie":1},"minecraft:killed":{"born_in_chaos_v1:zombie_clown":1,"born_in_chaos_v1:restless_spirit":1,"alexsmobs:raccoon":3,"enemyexpansion:equestrian":1,"minecraft:spider":4,"farlanders:fanmade_enderman":1,"enemyexpansion:direwolf":2,"born_in_chaos_v1:maggot":4,"minecraft:skeleton":12,"born_in_chaos_v1:skeleton_thrasher":1,"alexsmobs:bison":2,"enemyexpansion:goblin":1,"enemyexpansion:vampflyer":1,"artifacts:mimic":1,"minecraft:pig":2,"farlanders:looter":1,"farlanders:rebel":1,"minecraft:zombie_villager":1,"born_in_chaos_v1:swarmer":1,"enemyexpansion:sprinter":3,"born_in_chaos_v1:decrepit_skeleton":5,"minecraft:sheep":3,"minecraft:zombie":6,"alexsmobs:cockroach":2,"born_in_chaos_v1:dread_hound":1,"born_in_chaos_v1:corpse_fly":5,"alexsmobs:fly":1,"minecraft:cow":2,"enemyexpansion:wasp":1},"minecraft:custom":{"minecraft:mob_kills":71,"minecraft:interact_with_anvil":2,"minecraft:interact_with_crafting_table":15,"minecraft:open_barrel":19,"minecraft:damage_dealt_resisted":915,"minecraft:leave_game":3,"minecraft:time_since_death":42034,"minecraft:sprint_one_cm":934034,"minecraft:walk_one_cm":382962,"minecraft:damage_blocked_by_shield":75,"minecraft:drop":31,"minecraft:damage_dealt_absorbed":707,"minecraft:play_time":119630,"minecraft:deaths":7,"minecraft:sneak_time":2673,"minecraft:walk_under_water_one_cm":927,"minecraft:jump":1462,"minecraft:interact_with_blast_furnace":13,"minecraft:walk_on_water_one_cm":3456,"minecraft:total_world_time":119630,"minecraft:interact_with_furnace":58,"spartanshields:shield_bash_hits":1,"minecraft:sleep_in_bed":1,"minecraft:time_since_rest":42073,"minecraft:damage_taken":3893,"minecraft:damage_dealt":14912,"minecraft:swim_one_cm":5643,"minecraft:fly_one_cm":412114,"minecraft:player_kills":4,"minecraft:open_chest":68,"minecraft:crouch_one_cm":18166,"minecraft:fall_one_cm":36264},"minecraft:broken":{"aether:leather_gloves":1},"minecraft:used":{"minecraft:stone_sword":117,"born_in_chaos_v1:intoxicating_decoction":1,"minecraft:shield":1,"minecraft:iron_sword":23,"minecraft:cooked_salmon":15,"minecraft:iron_chestplate":1,"minecraft:dirt":18,"minecraft:wooden_axe":14,"minecraft:iron_axe":31,"minecraft:gunpowder":1,"minecraft:beef":2,"minecraft:furnace":5,"minecraft:cobbled_deepslate":2,"minecraft:cooked_mutton":5,"epicfight:skillbook":4,"ancient_elements:palladium_sword":216,"minecraft:baked_potato":8,"minecraft:stone_pickaxe":99,"minecraft:oak_planks":16,"minecraft:wooden_pickaxe":15,"minecraft:crafting_table":8,"minecraft:lime_bed":2,"minecraft:oak_log":1,"minecraft:apple":4,"born_in_chaos_v1:monster_flesh":1,"minecraft:iron_pickaxe":74,"minecraft:stone_axe":7,"spartanweaponry:copper_battle_hammer":8,"minecraft:cobblestone":39,"minecraft:potion":1,"minecraft:andesite":3,"epicfight:uchigatana":37,"minecraft:cobweb":8},"minecraft:picked_up":{"minecraft:crafting_table":8,"enemyexpansion:wasp_thorax":2,"minecraft:shield":1,"ancient_elements:raw_palladium":5,"minecraft:string":9,"born_in_chaos_v1:intoxicating_decoction":2,"minecraft:cobbled_deepslate":4,"minecraft:beef":2,"minecraft:rose_bush":4,"biomesoplenty:redwood_wood":13,"minecraft:furnace":5,"minecraft:stick":4,"minecraft:raw_iron":48,"ancient_elements:raw_steel":1,"born_in_chaos_v1:shattered_skull":1,"artifacts:vampiric_glove":1,"epicfight:skillbook":1,"ancient_elements:cerulean_shard":6,"ancient_elements:topaz_shard":15,"minecraft:stone_sword":2,"minecraft:rotten_flesh":33,"supplementaries:antique_ink":2,"minecraft:mutton":2,"minecraft:iron_bars":5,"minecraft:white_wool":2,"minecraft:cobblestone":55,"born_in_chaos_v1:corpse_maggot":1,"minecraft:lime_bed":2,"born_in_chaos_v1:monster_flesh":1,"minecraft:andesite":7,"minecraft:leather":2,"minecraft:golden_leggings":1,"minecraft:oak_log":29,"ancient_elements:selenite_crystal_block":2,"minecraft:gunpowder":4,"minecraft:dirt":25,"minecraft:bone":9,"minecraft:wheat_seeds":1,"alexsmobs:cockroach_wing_fragment":1,"minecraft:oak_planks":1,"minecraft:iron_sword":1,"born_in_chaos_v1:ethereal_spirit":2,"minecraft:spider_eye":1,"minecraft:stone_axe":1,"minecraft:gray_wool":1,"ancient_elements:topaz_crystal_block":3,"minecraft:oak_sapling":4,"minecraft:coal":45,"minecraft:ender_pearl":1},"minecraft:crafted":{"minecraft:oak_planks":88,"usefulbackpacks:backpack_small":1,"minecraft:furnace":1,"spartanweaponry:copper_battle_hammer":1,"minecraft:cooked_mutton":2,"minecraft:iron_boots":1,"ancient_elements:palladium_sword":1,"minecraft:stone_pickaxe":1,"minecraft:red_dye":4,"minecraft:crafting_table":1,"minecraft:wooden_pickaxe":1,"spartanweaponry:handle":4,"minecraft:cooked_salmon":16,"minecraft:stone_axe":1,"minecraft:air":0,"minecraft:iron_chestplate":1,"minecraft:white_wool":3,"minecraft:stick":16,"minecraft:iron_pickaxe":1,"ancient_elements:palladium_ingot":5,"minecraft:iron_ingot":23,"minecraft:wooden_axe":1,"minecraft:stone_sword":1,"minecraft:iron_leggings":1,"minecraft:torch":4},"minecraft:dropped":{"minecraft:iron_sword":1,"minecraft:wheat_seeds":1,"minecraft:glass_bottle":1,"minecraft:feather":8,"minecraft:chainmail_helmet":1,"minecraft:stick":7,"minecraft:dirt":5,"minecraft:rose_bush":2,"enemyexpansion:wasp_thorax":1,"minecraft:bone":10,"minecraft:stone_axe":2,"minecraft:stone_sword":2,"minecraft:cobbled_deepslate":2,"born_in_chaos_v1:ethereal_spirit":2,"minecraft:rotten_flesh":22,"minecraft:shield":1,"minecraft:gunpowder":2,"aether:iron_gloves":1,"alexsmobs:cockroach_wing_fragment":1,"minecraft:golden_leggings":1,"minecraft:oak_sapling":4,"minecraft:stone_pickaxe":1}},"DataVersion":3465}