{"stats":{"minecraft:used":{"minecraft:oak_log":1},"minecraft:picked_up":{"minecraft:rose_bush":1,"minecraft:oak_log":1,"minecraft:dirt":1},"minecraft:crafted":{"minecraft:red_dye":2},"minecraft:mined":{"minecraft:grass_block":1,"minecraft:oak_log":1,"minecraft:rose_bush":1},"minecraft:custom":{"minecraft:jump":41,"minecraft:time_since_rest":1486,"minecraft:leave_game":1,"minecraft:sprint_one_cm":20580,"minecraft:play_time":1486,"minecraft:time_since_death":1486,"minecraft:walk_one_cm":5136,"minecraft:total_world_time":1486,"minecraft:fall_one_cm":687,"minecraft:fly_one_cm":21415}},"DataVersion":3465}