{"stats":{"minecraft:mined":{"quark:hollow_birch_log":2,"minecraft:furnace":1,"minecraft:crafting_table":3,"minecraft:grass":3,"minecraft:grass_block":3,"minecraft:oak_log":6,"minecraft:dirt":7,"minecraft:stone":20,"minecraft:oak_leaves":1},"minecraft:killed_by":{"enemyexpansion:wasp":1},"minecraft:killed":{"minecraft:sheep":4,"minecraft:pig":1,"alexsmobs:tasmanian_devil":1},"minecraft:custom":{"minecraft:time_since_rest":12104,"minecraft:interact_with_furnace":8,"minecraft:sprint_one_cm":86238,"minecraft:damage_taken":315,"minecraft:walk_one_cm":85632,"minecraft:mob_kills":6,"minecraft:damage_dealt":614,"minecraft:interact_with_crafting_table":10,"minecraft:fly_one_cm":55493,"minecraft:open_chest":2,"minecraft:play_time":17263,"minecraft:deaths":1,"minecraft:jump":151,"minecraft:time_since_death":12045,"minecraft:total_world_time":17263,"minecraft:fall_one_cm":2251},"minecraft:used":{"minecraft:stone_sword":12,"minecraft:stone_pickaxe":6,"quark:hollow_birch_log":1,"minecraft:wooden_pickaxe":31,"minecraft:stone_axe":4,"minecraft:crafting_table":3,"minecraft:furnace":1,"minecraft:cooked_porkchop":2},"minecraft:picked_up":{"minecraft:stick":24,"minecraft:crafting_table":3,"minecraft:porkchop":3,"minecraft:oak_log":6,"minecraft:dirt":10,"minecraft:moss_carpet":1,"quark:hollow_birch_log":2,"minecraft:mutton":5,"minecraft:white_wool":3,"minecraft:cobblestone":32,"minecraft:furnace":1},"minecraft:crafted":{"minecraft:oak_planks":24,"minecraft:cooked_porkchop":3,"minecraft:crafting_table":1,"minecraft:stick":32,"minecraft:wooden_pickaxe":1,"minecraft:stone_pickaxe":1,"minecraft:stone_sword":1,"minecraft:furnace":1,"minecraft:stone_axe":1,"minecraft:cooked_mutton":4}},"DataVersion":3465}