{"stats":{"minecraft:mined":{"minecraft:white_bed":1,"minecraft:oak_door":1,"minecraft:crafting_table":3,"minecraft:grass_block":9,"minecraft:cobblestone":3,"minecraft:sugar_cane":1,"minecraft:wall_torch":3,"quark:hollow_birch_log":2,"minecraft:furnace":1,"ancient_elements:tin_ore":19,"minecraft:grass":3,"minecraft:oak_log":11,"minecraft:coal_ore":4,"minecraft:dirt":60,"minecraft:stone":269,"create:limestone":1,"minecraft:oak_leaves":1},"minecraft:killed_by":{"enemyexpansion:wasp":1},"minecraft:killed":{"minecraft:pig":1,"alexsmobs:raccoon":2,"enemyexpansion:sprinter":1,"alexsmobs:tasmanian_devil":1,"enemyexpansion:direwolf":1,"minecraft:sheep":4},"minecraft:custom":{"minecraft:interact_with_furnace":16,"minecraft:mob_kills":10,"minecraft:interact_with_crafting_table":21,"minecraft:time_since_death":48045,"minecraft:sleep_in_bed":3,"minecraft:climb_one_cm":80,"minecraft:time_since_rest":3328,"minecraft:sprint_one_cm":216471,"minecraft:damage_taken":440,"minecraft:walk_one_cm":371089,"minecraft:damage_dealt":1054,"minecraft:swim_one_cm":39007,"minecraft:fly_one_cm":111963,"minecraft:open_chest":2,"minecraft:crouch_one_cm":1531,"minecraft:play_time":53263,"minecraft:deaths":1,"minecraft:sneak_time":258,"minecraft:walk_under_water_one_cm":1755,"minecraft:jump":540,"minecraft:walk_on_water_one_cm":4027,"minecraft:total_world_time":53263,"minecraft:fall_one_cm":4836},"minecraft:broken":{"minecraft:stone_pickaxe":1},"minecraft:used":{"minecraft:cooked_mutton":4,"minecraft:stone_sword":22,"minecraft:stone_shovel":53,"minecraft:stone_pickaxe":132,"quark:hollow_birch_log":1,"minecraft:wooden_pickaxe":31,"minecraft:oak_door":2,"minecraft:torch":10,"minecraft:dirt":1,"minecraft:crafting_table":4,"minecraft:white_bed":2,"minecraft:stone_axe":11,"minecraft:cobblestone":61,"minecraft:furnace":2,"minecraft:cooked_porkchop":3,"ancient_elements:tin_pickaxe":154},"minecraft:picked_up":{"minecraft:crafting_table":3,"minecraft:oak_log":11,"minecraft:dirt":72,"minecraft:moss_carpet":1,"minecraft:sugar_cane":4,"minecraft:birch_sapling":1,"minecraft:furnace":1,"minecraft:stick":24,"minecraft:oak_door":1,"minecraft:torch":5,"minecraft:porkchop":3,"ancient_elements:raw_tin":19,"minecraft:white_bed":1,"quark:hollow_birch_log":2,"minecraft:mutton":5,"minecraft:coal":4,"minecraft:white_wool":3,"minecraft:cobblestone":283},"minecraft:crafted":{"minecraft:oak_door":3,"minecraft:oak_planks":36,"minecraft:stone_shovel":1,"minecraft:cooked_porkchop":3,"minecraft:crafting_table":1,"minecraft:wooden_pickaxe":1,"minecraft:furnace":1,"minecraft:stone_axe":1,"ancient_elements:tin_ingot":19,"ancient_elements:tin_sword":1,"minecraft:cooked_mutton":4,"minecraft:stick":32,"minecraft:stone_pickaxe":2,"minecraft:stone_sword":1,"minecraft:white_bed":1,"minecraft:torch":8,"ancient_elements:tin_pickaxe":1}},"DataVersion":3465}