{"stats":{"minecraft:mined":{"minecraft:oak_log":6,"minecraft:oak_leaves":1},"minecraft:killed_by":{"enemyexpansion:wasp":1},"minecraft:custom":{"minecraft:jump":32,"minecraft:time_since_rest":104,"minecraft:deaths":1,"minecraft:damage_dealt":53,"minecraft:damage_taken":225,"minecraft:sprint_one_cm":25870,"minecraft:play_time":5263,"minecraft:time_since_death":45,"minecraft:walk_one_cm":18847,"minecraft:total_world_time":5263,"minecraft:interact_with_crafting_table":2,"minecraft:fly_one_cm":13090},"minecraft:used":{"minecraft:crafting_table":1},"minecraft:picked_up":{"minecraft:oak_log":6},"minecraft:crafted":{"minecraft:crafting_table":1,"minecraft:oak_planks":24}},"DataVersion":3465}