{"stats":{"minecraft:mined":{"minecraft:white_bed":2,"minecraft:candle":1,"minecraft:oak_door":1,"minecraft:crafting_table":3,"minecraft:grass_block":10,"minecraft:cobblestone":9,"minecraft:sugar_cane":1,"minecraft:wall_torch":3,"quark:hollow_birch_log":2,"minecraft:furnace":1,"minecraft:carrots":2,"minecraft:iron_ore":7,"minecraft:wheat":5,"ancient_elements:tin_ore":19,"minecraft:grass":3,"minecraft:potatoes":1,"minecraft:oak_log":19,"minecraft:coal_ore":9,"minecraft:dirt_path":2,"minecraft:dirt":61,"minecraft:stone":294,"create:limestone":1,"minecraft:oak_leaves":1},"minecraft:killed_by":{"born_in_chaos_v1:nightmare_stalker":2,"enemyexpansion:wasp":1},"minecraft:killed":{"minecraft:pig":1,"alexsmobs:raccoon":3,"enemyexpansion:sprinter":1,"alexsmobs:tasmanian_devil":1,"enemyexpansion:direwolf":1,"minecraft:sheep":4,"aquaculture:minnow":1},"minecraft:custom":{"minecraft:interact_with_furnace":23,"minecraft:mob_kills":12,"minecraft:interact_with_crafting_table":34,"minecraft:leave_game":2,"minecraft:time_since_death":30,"minecraft:sleep_in_bed":4,"minecraft:climb_one_cm":80,"minecraft:time_since_rest":51,"minecraft:sprint_one_cm":395974,"minecraft:damage_taken":960,"minecraft:walk_one_cm":698389,"minecraft:damage_dealt":1174,"minecraft:swim_one_cm":41339,"minecraft:talked_to_villager":3,"minecraft:fly_one_cm":189538,"minecraft:open_chest":28,"minecraft:crouch_one_cm":1531,"minecraft:play_time":76691,"minecraft:deaths":3,"minecraft:sneak_time":260,"minecraft:walk_under_water_one_cm":14744,"minecraft:jump":1069,"minecraft:walk_on_water_one_cm":18977,"minecraft:total_world_time":76691,"minecraft:fall_one_cm":12155},"minecraft:broken":{"minecraft:stone_pickaxe":1},"minecraft:used":{"minecraft:cooked_mutton":5,"minecraft:stone_sword":22,"minecraft:stone_pickaxe":132,"minecraft:stone_shovel":57,"quark:hollow_birch_log":1,"minecraft:wooden_pickaxe":31,"minecraft:oak_door":2,"minecraft:torch":10,"minecraft:dirt":3,"minecraft:crafting_table":6,"minecraft:white_bed":3,"minecraft:stone_axe":19,"minecraft:cobblestone":83,"ancient_elements:tin_sword":28,"minecraft:furnace":2,"minecraft:cooked_porkchop":3,"ancient_elements:tin_pickaxe":199,"quark:oak_chest":2},"minecraft:picked_up":{"born_in_chaos_v1:corpse_maggot":1,"minecraft:crafting_table":3,"minecraft:wheat":4,"minecraft:potato":1,"minecraft:oak_log":19,"minecraft:dirt":75,"minecraft:moss_carpet":1,"minecraft:armor_stand":4,"minecraft:zombie_head":2,"minecraft:wheat_seeds":8,"aquaculture:minnow":1,"minecraft:sugar_cane":4,"minecraft:birch_sapling":1,"minecraft:furnace":1,"minecraft:stick":24,"minecraft:raw_iron":7,"minecraft:oak_door":1,"minecraft:torch":5,"minecraft:porkchop":3,"ancient_elements:raw_tin":19,"minecraft:white_bed":2,"minecraft:carrot":1,"minecraft:rotten_flesh":5,"quark:hollow_birch_log":2,"minecraft:mutton":5,"minecraft:coal":9,"minecraft:skeleton_skull":2,"minecraft:white_wool":3,"minecraft:cobblestone":314},"minecraft:crafted":{"minecraft:oak_door":3,"minecraft:oak_planks":64,"minecraft:stone_shovel":1,"minecraft:cooked_porkchop":3,"minecraft:crafting_table":3,"minecraft:wooden_pickaxe":1,"spartanweaponry:handle":4,"minecraft:furnace":1,"minecraft:stone_axe":1,"ancient_elements:tin_ingot":19,"ancient_elements:tin_sword":1,"minecraft:cooked_mutton":5,"minecraft:stick":36,"quark:oak_chest":2,"minecraft:stone_pickaxe":2,"minecraft:stone_sword":1,"minecraft:white_bed":1,"minecraft:torch":20,"ancient_elements:tin_pickaxe":2}},"DataVersion":3465}