{"stats":{"minecraft:mined":{"quark:hollow_birch_log":2,"minecraft:white_bed":1,"minecraft:furnace":1,"minecraft:oak_door":1,"minecraft:crafting_table":3,"minecraft:grass":3,"minecraft:grass_block":5,"minecraft:oak_log":11,"minecraft:dirt":27,"minecraft:cobblestone":1,"minecraft:stone":109,"minecraft:oak_leaves":1},"minecraft:killed_by":{"enemyexpansion:wasp":1},"minecraft:killed":{"minecraft:sheep":4,"minecraft:pig":1,"alexsmobs:raccoon":1,"alexsmobs:tasmanian_devil":1},"minecraft:custom":{"minecraft:time_since_rest":6765,"minecraft:interact_with_furnace":8,"minecraft:sprint_one_cm":118613,"minecraft:damage_taken":390,"minecraft:walk_one_cm":177978,"minecraft:mob_kills":7,"minecraft:damage_dealt":704,"minecraft:swim_one_cm":6885,"minecraft:interact_with_crafting_table":14,"minecraft:fly_one_cm":72399,"minecraft:open_chest":2,"minecraft:crouch_one_cm":27,"minecraft:play_time":29263,"minecraft:deaths":1,"minecraft:sneak_time":16,"minecraft:walk_under_water_one_cm":282,"minecraft:jump":270,"minecraft:walk_on_water_one_cm":729,"minecraft:time_since_death":24045,"minecraft:sleep_in_bed":2,"minecraft:total_world_time":29263,"minecraft:fall_one_cm":2938},"minecraft:used":{"minecraft:cooked_mutton":2,"minecraft:stone_sword":14,"minecraft:stone_shovel":17,"minecraft:stone_pickaxe":97,"quark:hollow_birch_log":1,"minecraft:wooden_pickaxe":31,"minecraft:oak_door":2,"minecraft:stone_axe":11,"minecraft:dirt":1,"minecraft:cobblestone":3,"minecraft:crafting_table":4,"minecraft:furnace":1,"minecraft:cooked_porkchop":2,"minecraft:white_bed":2},"minecraft:picked_up":{"minecraft:stick":24,"minecraft:crafting_table":3,"minecraft:oak_door":1,"minecraft:porkchop":3,"minecraft:oak_log":11,"minecraft:white_bed":1,"minecraft:dirt":35,"minecraft:moss_carpet":1,"quark:hollow_birch_log":2,"minecraft:birch_sapling":1,"minecraft:mutton":5,"minecraft:white_wool":3,"minecraft:cobblestone":122,"minecraft:furnace":1},"minecraft:crafted":{"minecraft:oak_door":3,"minecraft:oak_planks":36,"minecraft:stone_shovel":1,"minecraft:cooked_porkchop":3,"minecraft:crafting_table":1,"minecraft:stick":32,"minecraft:wooden_pickaxe":1,"minecraft:stone_pickaxe":1,"minecraft:stone_sword":1,"minecraft:furnace":1,"minecraft:white_bed":1,"minecraft:stone_axe":1,"minecraft:cooked_mutton":4}},"DataVersion":3465}