{"stats":{"minecraft:mined":{"minecraft:white_bed":2,"minecraft:candle":1,"minecraft:oak_door":1,"minecraft:crafting_table":3,"minecraft:grass_block":10,"minecraft:cobblestone":3,"minecraft:sugar_cane":1,"minecraft:wall_torch":3,"quark:hollow_birch_log":2,"minecraft:furnace":1,"minecraft:iron_ore":7,"ancient_elements:tin_ore":19,"minecraft:grass":3,"minecraft:oak_log":16,"minecraft:coal_ore":9,"minecraft:dirt":61,"minecraft:stone":294,"create:limestone":1,"minecraft:oak_leaves":1},"minecraft:killed_by":{"enemyexpansion:wasp":1},"minecraft:killed":{"minecraft:pig":1,"alexsmobs:raccoon":3,"enemyexpansion:sprinter":1,"alexsmobs:tasmanian_devil":1,"enemyexpansion:direwolf":1,"minecraft:sheep":4,"aquaculture:minnow":1},"minecraft:custom":{"minecraft:interact_with_furnace":23,"minecraft:mob_kills":12,"minecraft:interact_with_crafting_table":31,"minecraft:leave_game":1,"minecraft:time_since_death":65166,"minecraft:sleep_in_bed":4,"minecraft:climb_one_cm":80,"minecraft:time_since_rest":6898,"minecraft:sprint_one_cm":335695,"minecraft:damage_taken":510,"minecraft:walk_one_cm":607621,"minecraft:damage_dealt":1174,"minecraft:swim_one_cm":41339,"minecraft:fly_one_cm":153489,"minecraft:open_chest":12,"minecraft:crouch_one_cm":1531,"minecraft:play_time":70384,"minecraft:deaths":1,"minecraft:sneak_time":258,"minecraft:walk_under_water_one_cm":13394,"minecraft:jump":936,"minecraft:walk_on_water_one_cm":17445,"minecraft:total_world_time":70384,"minecraft:fall_one_cm":10363},"minecraft:broken":{"minecraft:stone_pickaxe":1},"minecraft:used":{"minecraft:cooked_mutton":5,"minecraft:stone_sword":22,"minecraft:stone_pickaxe":132,"minecraft:stone_shovel":55,"quark:hollow_birch_log":1,"minecraft:wooden_pickaxe":31,"minecraft:oak_door":2,"minecraft:torch":10,"minecraft:dirt":1,"minecraft:crafting_table":4,"minecraft:white_bed":3,"minecraft:stone_axe":16,"minecraft:cobblestone":82,"ancient_elements:tin_sword":28,"minecraft:furnace":2,"minecraft:cooked_porkchop":3,"ancient_elements:tin_pickaxe":193,"quark:oak_chest":2},"minecraft:picked_up":{"minecraft:crafting_table":3,"minecraft:oak_log":16,"minecraft:dirt":73,"minecraft:moss_carpet":1,"minecraft:armor_stand":1,"minecraft:zombie_head":1,"aquaculture:minnow":1,"minecraft:sugar_cane":4,"minecraft:birch_sapling":1,"minecraft:furnace":1,"minecraft:stick":24,"minecraft:raw_iron":7,"minecraft:oak_door":1,"minecraft:torch":5,"minecraft:porkchop":3,"ancient_elements:raw_tin":19,"minecraft:white_bed":2,"quark:hollow_birch_log":2,"minecraft:mutton":5,"minecraft:coal":9,"minecraft:white_wool":3,"minecraft:cobblestone":308},"minecraft:crafted":{"minecraft:oak_door":3,"minecraft:oak_planks":52,"minecraft:stone_shovel":1,"minecraft:cooked_porkchop":3,"minecraft:crafting_table":1,"minecraft:wooden_pickaxe":1,"minecraft:furnace":1,"minecraft:stone_axe":1,"ancient_elements:tin_ingot":19,"ancient_elements:tin_sword":1,"minecraft:cooked_mutton":5,"minecraft:stick":32,"quark:oak_chest":2,"minecraft:stone_pickaxe":2,"minecraft:stone_sword":1,"minecraft:white_bed":1,"minecraft:torch":20,"ancient_elements:tin_pickaxe":2}},"DataVersion":3465}