{"stats":{"minecraft:mined":{"minecraft:oak_log":1,"minecraft:oak_leaves":2},"minecraft:picked_up":{"minecraft:oak_log":1},"minecraft:crafted":{"minecraft:oak_planks":4},"minecraft:custom":{"minecraft:jump":40,"minecraft:time_since_rest":1007,"minecraft:leave_game":1,"minecraft:sprint_one_cm":14260,"minecraft:play_time":1007,"minecraft:damage_taken":20,"minecraft:time_since_death":1007,"minecraft:walk_one_cm":1726,"minecraft:total_world_time":1007,"minecraft:fall_one_cm":1318,"minecraft:fly_one_cm":16371}},"DataVersion":3465}