{"stats":{"minecraft:broken":{"ancient_elements:stone_hammer":1,"minecraft:stone_pickaxe":1},"minecraft:killed_by":{"minecraft:piglin_brute":2,"alexsmobs:murmur_head":1,"enemyexpansion:huntsman":1,"born_in_chaos_v1:diamond_termite":1,"born_in_chaos_v1:supreme_bonescaller_not_despawn":1,"born_in_chaos_v1:spiritof_chaos":1,"artifacts:mimic":2,"farlanders:rebel":2,"minecraft:witch":1,"minecraft:zombie":2,"enemyexpansion:vampflyer":1,"enemyexpansion:silverqueen":1,"born_in_chaos_v1:dire_hound_leader":1,"enemyexpansion:invisicreeper":1,"minecraft:vex":1,"minecraft:player":2,"minecraft:stray":4,"born_in_chaos_v1:skeleton_thrasher":2,"minecraft:spider":1,"mutantmonsters:mutant_enderman":1,"quark:toretoise":1,"ancient_elements:selenite_crystal_slime":1,"born_in_chaos_v1:decrepit_skeleton":1,"minecraft:skeleton":3,"enemyexpansion:direwolf":1,"born_in_chaos_v1:door_knight":1},"minecraft:used":{"minecraft:ladder":1,"minecraft:shield":54,"minecraft:iron_sword":235,"minecraft:rotten_flesh":2,"minecraft:iron_chestplate":1,"spartanweaponry:iron_javelin":1,"ancient_elements:obsidian_boots":3,"minecraft:stone_bricks":1,"ancient_elements:obsidian_axe":84,"minecraft:furnace":2,"spartanweaponry:iron_greatsword":200,"ancient_elements:obsidian_pickaxe":255,"epicfight:skillbook":6,"minecraft:stone_pickaxe":199,"minecraft:birch_wood":1,"minecraft:wooden_pickaxe":13,"minecraft:golden_apple":3,"alexscaves:cave_book":1,"minecraft:stone_brick_wall":1,"minecraft:dark_oak_log":19,"minecraft:cyan_bed":2,"minecraft:bread":10,"create:black_toolbox":1,"minecraft:diamond_sword":130,"minecraft:birch_log":1,"minecraft:experience_bottle":1,"quark:birch_chest":1,"minecraft:stone_sword":43,"minecraft:stick":1,"minecraft:torch":10,"minecraft:dirt":2,"ancient_elements:music_disc_luminous":1,"ancient_elements:stone_hammer":66,"create:wrench":9,"alexscaves:spelunkery_table":2,"minecraft:beef":1,"minecraft:cooked_beef":26,"minecraft:cobbled_deepslate":1,"minecraft:water_bucket":27,"quark:hollow_birch_log":1,"ancient_elements:iron_hammer":122,"minecraft:crafting_table":9,"minecraft:red_bed":8,"minecraft:magenta_bed":1,"minecraft:smoker":3,"minecraft:diamond_pickaxe":36,"minecraft:apple":2,"minecraft:iron_pickaxe":101,"minecraft:stone_axe":69,"minecraft:crimson_fungus":1,"minecraft:cobblestone":156,"minecraft:bucket":27,"alexsmobs:animal_dictionary":2},"minecraft:killed":{"minecraft:cave_spider":7,"minecraft:witch":2,"born_in_chaos_v1:restless_spirit":8,"born_in_chaos_v1:zombie_lumberjack":1,"born_in_chaos_v1:door_knight_not_despawn":1,"minecraft:spider":8,"born_in_chaos_v1:siamese_skeletonsright":1,"born_in_chaos_v1:baby_skeleton_minion":4,"minecraft:skeleton":4,"born_in_chaos_v1:supreme_bonescaller_stage_2":2,"minecraft:piglin_brute":4,"born_in_chaos_v1:firelight_not_despawn":3,"enemyexpansion:vampflyer":1,"artifacts:mimic":4,"minecraft:piglin":2,"minecraft:pig":1,"enemyexpansion:ladybug":2,"farlanders:rebel":1,"born_in_chaos_v1:diamond_termite":16,"minecraft:creeper":2,"minecraft:sheep":1,"born_in_chaos_v1:zombie_fisherman":1,"minecraft:zombie":28,"born_in_chaos_v1:dread_hound":2,"enemyexpansion:vampire":1,"born_in_chaos_v1:corpse_fly":9,"minecraft:stray":11,"enemyexpansion:botfly":4,"born_in_chaos_v1:siamese_skeletonsleft":1,"minecraft:cow":13,"minecraft:vex":1,"quark:toretoise":1,"enemyexpansion:direwolf":5,"born_in_chaos_v1:zombie_bruiser":2,"born_in_chaos_v1:maggot":13,"takesapillage:clay_golem":1,"enemyexpansion:goblin":2,"born_in_chaos_v1:spiritof_chaos":1,"farlanders:looter":1,"born_in_chaos_v1:bone_imp_minion":10,"born_in_chaos_v1:baby_skeleton":4,"born_in_chaos_v1:swarmer":1,"enemyexpansion:sprinter":1,"born_in_chaos_v1:decrepit_skeleton":9,"born_in_chaos_v1:bonescaller_not_despawn":2,"born_in_chaos_v1:dark_vortex":4,"minecraft:enderman":1,"enemyexpansion:slugger":1},"minecraft:dropped":{"minecraft:iron_sword":1,"minecraft:birch_planks":4,"minecraft:cooked_beef":4,"minecraft:oak_log":1,"minecraft:glow_ink_sac":7,"minecraft:leather":1,"ancient_elements:raw_lead":8,"minecraft:dirt":20,"simple_hearts:rotten_heart":3,"minecraft:iron_pickaxe":1,"minecraft:birch_log":12,"minecraft:bone":19,"minecraft:stone_axe":2,"born_in_chaos_v1:fire_dust":3,"alexsmobs:animal_dictionary":1,"minecraft:cobbled_deepslate":5,"born_in_chaos_v1:ethereal_spirit":14,"minecraft:rotten_flesh":9,"ancient_elements:obsidian_helmet":1,"minecraft:oak_planks":1,"minecraft:birch_wood":1,"ancient_elements:raw_tin":4,"supplementaries:ash":90,"minecraft:gunpowder":1,"minecraft:charcoal":9,"born_in_chaos_v1:corpse_maggot":6,"spartanweaponry:iron_javelin":1,"create:wrench":2,"minecraft:beef":11,"minecraft:iron_ingot":5,"minecraft:enchanted_book":1,"minecraft:iron_helmet":2,"minecraft:cobblestone":239,"ancient_elements:topaz_shard":3,"ancient_elements:iron_hammer":1,"minecraft:granite":4,"ancient_elements:raw_palladium":1,"ancient_elements:obsidian_boots":1,"minecraft:stick":11,"born_in_chaos_v1:river_mint":2,"minecraft:torch":1,"minecraft:rose_bush":12,"spartanweaponry:iron_greatsword":2,"biomesoplenty:glowshroom":1,"minecraft:string":2,"minecraft:bucket":1,"create:raw_zinc":6,"minecraft:furnace":1,"minecraft:stone_sword":1,"minecraft:iron_boots":1,"minecraft:shield":3,"minecraft:iron_chestplate":2,"minecraft:diamond_pickaxe":1,"minecraft:oak_sapling":9,"minecraft:spider_eye":1,"minecraft:slime_ball":1,"minecraft:stone_pickaxe":3,"minecraft:wooden_pickaxe":1},"minecraft:picked_up":{"minecraft:iron_chestplate":2,"create:wrench":2,"minecraft:enchanted_book":1,"ancient_elements:raw_palladium":1,"minecraft:string":34,"minecraft:experience_bottle":1,"minecraft:tnt_minecart":1,"minecraft:cobbled_deepslate":67,"minecraft:spruce_planks":1,"minecraft:rose_bush":12,"minecraft:iron_boots":1,"minecraft:stick":6,"born_in_chaos_v1:shattered_skull":2,"minecraft:torch":13,"minecraft:acacia_log":2,"minecraft:porkchop":1,"ancient_elements:verdant_viridium_shard":15,"epicfight:skillbook":5,"ancient_elements:topaz_shard":3,"minecraft:rotten_flesh":23,"minecraft:iron_block":1,"supplementaries:ash":90,"minecraft:obsidian":35,"minecraft:cobblestone":495,"minecraft:birch_log":19,"minecraft:cooked_beef":4,"born_in_chaos_v1:spiritual_dust":6,"biomesoplenty:glowshroom":1,"minecraft:smoker":3,"ancient_elements:raw_lead":8,"create:raw_zinc":6,"minecraft:magenta_bed":1,"minecraft:lapis_lazuli":6,"minecraft:dirt":24,"minecraft:name_tag":1,"minecraft:bone":19,"minecraft:bow":1,"spartanweaponry:iron_greatsword":1,"minecraft:birch_wood":1,"minecraft:fletching_table":1,"minecraft:oak_planks":42,"minecraft:cyan_bed":2,"alexsmobs:animal_dictionary":2,"minecraft:dark_oak_log":59,"born_in_chaos_v1:fire_dust":3,"minecraft:diamond":20,"waystones:waystone":1,"minecraft:granite":4,"minecraft:bread":3,"minecraft:oak_sapling":10,"minecraft:diamond_pickaxe":1,"minecraft:charcoal":2,"minecraft:crafting_table":3,"born_in_chaos_v1:diamond_termite_shard":9,"minecraft:chest_minecart":1,"minecraft:ladder":1,"born_in_chaos_v1:river_mint":2,"ancient_elements:obsidian_boots":1,"born_in_chaos_v1:seedof_chaos":7,"minecraft:stone_brick_wall":1,"minecraft:shield":2,"ancient_elements:music_disc_luminous":1,"minecraft:red_bed":8,"artifacts:power_glove":1,"ancient_elements:selenite_shard":3,"minecraft:candle":1,"minecraft:beef":40,"minecraft:raw_iron":27,"ancient_elements:raw_tin":8,"born_in_chaos_v1:pieceofdarkmetal":5,"ancient_elements:cerulean_shard":3,"artifacts:cowboy_hat":1,"quark:birch_vertical_slab":1,"artifacts:snowshoes":1,"alexscaves:spelunkery_table":2,"minecraft:skeleton_skull":2,"minecraft:rail":11,"born_in_chaos_v1:corpse_maggot":6,"minecraft:air":0,"minecraft:glow_ink_sac":7,"minecraft:leather":15,"minecraft:crimson_fungus":1,"minecraft:oak_log":34,"minecraft:gunpowder":5,"simple_hearts:rotten_heart":1,"minecraft:apple":2,"minecraft:stone_bricks":1,"minecraft:iron_ingot":16,"minecraft:stone_pickaxe":1,"create:mechanical_saw":1,"born_in_chaos_v1:death_totem":1,"born_in_chaos_v1:orbofthe_summoner":2,"born_in_chaos_v1:ethereal_spirit":15,"born_in_chaos_v1:dark_rod":5,"minecraft:spider_eye":1,"minecraft:slime_ball":1,"ancient_elements:obsidian_helmet":1,"minecraft:stone_axe":1,"minecraft:iron_helmet":1,"quark:hollow_birch_log":1,"minecraft:coal":50},"minecraft:crafted":{"minecraft:oak_planks":40,"quark:birch_chest":1,"spartanshields:wooden_tower_shield":1,"usefulbackpacks:backpack_small":1,"minecraft:smoker":1,"spartanshields:diamond_tower_shield":1,"minecraft:crafting_table":7,"minecraft:wooden_pickaxe":1,"minecraft:birch_planks":24,"minecraft:iron_chestplate":1,"minecraft:charcoal":9,"minecraft:diamond_pickaxe":1,"minecraft:shield":2,"minecraft:stick":36,"minecraft:iron_ingot":31,"minecraft:iron_pickaxe":1,"minecraft:stone_sword":1,"ancient_elements:stone_hammer":1,"ancient_elements:obsidian_ingot":35,"ancient_elements:obsidian_helmet":1,"minecraft:furnace":6,"minecraft:diamond":1,"ancient_elements:obsidian_boots":1,"ancient_elements:obsidian_leggings":1,"minecraft:stone_pickaxe":3,"minecraft:dark_oak_planks":64,"minecraft:cooked_beef":27,"minecraft:iron_sword":1,"minecraft:bucket":1,"ancient_elements:obsidian_chestplate":1,"minecraft:stone_axe":1,"ancient_elements:obsidian_axe":1,"minecraft:air":0,"minecraft:white_wool":7,"ancient_elements:iron_hammer":1,"minecraft:acacia_planks":8,"ancient_elements:obsidian_pickaxe":2},"minecraft:custom":{"minecraft:interact_with_crafting_table":46,"minecraft:open_barrel":40,"minecraft:leave_game":3,"minecraft:time_since_death":100182,"minecraft:sprint_one_cm":984507,"minecraft:damage_blocked_by_shield":5190,"minecraft:drop":92,"minecraft:talked_to_villager":4,"minecraft:play_time":272414,"minecraft:deaths":39,"minecraft:jump":4563,"minecraft:walk_on_water_one_cm":84271,"minecraft:interact_with_furnace":42,"minecraft:play_record":1,"minecraft:interact_with_loom":5,"minecraft:sleep_in_bed":12,"minecraft:waystone_activated":2,"minecraft:damage_dealt":43990,"minecraft:player_kills":1,"minecraft:crouch_one_cm":46827,"minecraft:interact_with_smoker":12,"minecraft:mob_kills":218,"minecraft:damage_dealt_resisted":6819,"minecraft:climb_one_cm":9111,"minecraft:walk_one_cm":998872,"minecraft:sneak_time":7312,"minecraft:walk_under_water_one_cm":18689,"minecraft:interact_with_blast_furnace":4,"minecraft:total_world_time":272414,"spartanshields:shield_bash_hits":6,"minecraft:time_since_rest":21204,"minecraft:damage_taken":13301,"minecraft:damage_absorbed":286,"minecraft:trigger_trapped_chest":2,"minecraft:swim_one_cm":100411,"minecraft:fly_one_cm":1376599,"minecraft:open_chest":43,"minecraft:fall_one_cm":114031},"minecraft:mined":{"minecraft:large_amethyst_bud":2,"create:deepslate_zinc_ore":1,"minecraft:spruce_planks":1,"biomesoplenty:glowshroom":1,"minecraft:obsidian":37,"minecraft:granite":4,"minecraft:grass_block":10,"biomesoplenty:flowering_oak_leaves":1,"minecraft:spawner":2,"quark:hollow_birch_log":1,"ancient_elements:topaz_clust":1,"minecraft:iron_ore":24,"minecraft:cobbled_deepslate":1,"minecraft:fire":5,"ancient_elements:selenite_clust":1,"ancient_elements:tin_ore":4,"supplementaries:stick":1,"minecraft:iron_block":1,"create:veridium":1,"minecraft:red_bed":7,"biomesoplenty:glowworm_silk":1,"minecraft:smoker":2,"born_in_chaos_v1:infected_deepslate_diamond_ore":7,"minecraft:calcite":3,"minecraft:mushroom_stem":1,"minecraft:cobblestone":46,"minecraft:birch_wood":1,"minecraft:cyan_bed":2,"minecraft:amethyst_block":4,"minecraft:skeleton_skull":1,"minecraft:chain":2,"biomesoplenty:glowworm_silk_strand":2,"minecraft:birch_log":18,"minecraft:tnt":1,"ancient_elements:cerulean_clust":1,"minecraft:grass":8,"minecraft:oak_log":25,"minecraft:dirt":24,"minecraft:smooth_basalt":2,"minecraft:oak_leaves":8,"minecraft:deepslate":65,"create:zinc_ore":6,"biomesoplenty:orange_autumn_leaves":2,"alexscaves:spelunkery_table":2,"minecraft:tuff":1,"minecraft:red_carpet":1,"minecraft:mossy_cobblestone":3,"ancient_elements:lead_ore":8,"minecraft:deepslate_diamond_ore":16,"minecraft:dark_oak_log":59,"born_in_chaos_v1:infected_diamond_ore":4,"minecraft:glow_lichen":1,"minecraft:oak_trapdoor":2,"minecraft:vine":1,"minecraft:deepslate_iron_ore":5,"ancient_elements:palladium_ore":1,"minecraft:stone":267,"minecraft:crafting_table":3,"minecraft:rose_bush":1,"biomesoplenty:sprout":3,"minecraft:diorite":4,"ancient_elements:budding_selenite":1,"supplementaries:urn":15,"ancient_elements:verdant_viridium_clust":5,"minecraft:coal_ore":51,"minecraft:gravel":5,"minecraft:cobweb":59,"minecraft:gold_ore":1}},"DataVersion":3465}