{"stats":{"minecraft:broken":{"ancient_elements:stone_hammer":1,"minecraft:stone_pickaxe":1},"minecraft:killed_by":{"minecraft:player":2,"minecraft:piglin_brute":2,"minecraft:stray":4,"born_in_chaos_v1:skeleton_thrasher":2,"minecraft:spider":1,"mutantmonsters:mutant_enderman":1,"quark:toretoise":1,"alexsmobs:murmur_head":1,"ancient_elements:selenite_crystal_slime":1,"enemyexpansion:huntsman":1,"born_in_chaos_v1:decrepit_skeleton":1,"born_in_chaos_v1:diamond_termite":1,"minecraft:skeleton":3,"born_in_chaos_v1:supreme_bonescaller_not_despawn":1,"born_in_chaos_v1:spiritof_chaos":1,"farlanders:rebel":2,"artifacts:mimic":2,"minecraft:witch":1,"minecraft:zombie":2,"enemyexpansion:direwolf":1,"enemyexpansion:vampflyer":1,"born_in_chaos_v1:dire_hound_leader":1,"enemyexpansion:silverqueen":1,"born_in_chaos_v1:door_knight":1,"enemyexpansion:invisicreeper":1,"minecraft:vex":1},"minecraft:used":{"quark:birch_chest":1,"minecraft:stone_sword":43,"minecraft:shield":53,"minecraft:iron_sword":235,"minecraft:rotten_flesh":2,"minecraft:iron_chestplate":1,"minecraft:torch":10,"minecraft:dirt":2,"spartanweaponry:iron_javelin":1,"ancient_elements:obsidian_boots":3,"ancient_elements:music_disc_luminous":1,"ancient_elements:stone_hammer":66,"create:wrench":9,"alexscaves:spelunkery_table":2,"ancient_elements:obsidian_axe":70,"minecraft:beef":1,"minecraft:furnace":2,"minecraft:cooked_beef":18,"minecraft:cobbled_deepslate":1,"spartanweaponry:iron_greatsword":200,"ancient_elements:obsidian_pickaxe":179,"epicfight:skillbook":4,"minecraft:water_bucket":27,"quark:hollow_birch_log":1,"minecraft:stone_pickaxe":199,"minecraft:birch_wood":1,"minecraft:wooden_pickaxe":13,"ancient_elements:iron_hammer":122,"alexscaves:cave_book":1,"minecraft:golden_apple":3,"minecraft:red_bed":4,"minecraft:magenta_bed":1,"minecraft:crafting_table":8,"minecraft:smoker":2,"minecraft:dark_oak_log":9,"minecraft:diamond_pickaxe":36,"minecraft:apple":2,"minecraft:iron_pickaxe":101,"create:black_toolbox":1,"minecraft:bread":10,"minecraft:cyan_bed":2,"minecraft:stone_axe":69,"minecraft:diamond_sword":41,"minecraft:crimson_fungus":1,"minecraft:cobblestone":142,"minecraft:bucket":27,"minecraft:birch_log":1,"alexsmobs:animal_dictionary":2,"minecraft:experience_bottle":1},"minecraft:killed":{"minecraft:vex":1,"minecraft:cave_spider":7,"minecraft:witch":2,"born_in_chaos_v1:zombie_lumberjack":1,"born_in_chaos_v1:restless_spirit":8,"born_in_chaos_v1:door_knight_not_despawn":1,"minecraft:spider":7,"quark:toretoise":1,"enemyexpansion:direwolf":5,"born_in_chaos_v1:siamese_skeletonsright":1,"born_in_chaos_v1:zombie_bruiser":1,"born_in_chaos_v1:baby_skeleton_minion":4,"born_in_chaos_v1:maggot":11,"minecraft:skeleton":3,"born_in_chaos_v1:supreme_bonescaller_stage_2":2,"minecraft:piglin_brute":4,"enemyexpansion:goblin":2,"born_in_chaos_v1:firelight_not_despawn":3,"enemyexpansion:vampflyer":1,"artifacts:mimic":4,"minecraft:piglin":2,"minecraft:pig":1,"enemyexpansion:ladybug":2,"farlanders:looter":1,"farlanders:rebel":1,"born_in_chaos_v1:bone_imp_minion":10,"born_in_chaos_v1:diamond_termite":15,"born_in_chaos_v1:baby_skeleton":4,"enemyexpansion:sprinter":1,"born_in_chaos_v1:decrepit_skeleton":8,"minecraft:sheep":1,"born_in_chaos_v1:zombie_fisherman":1,"minecraft:zombie":26,"born_in_chaos_v1:dread_hound":2,"enemyexpansion:vampire":1,"born_in_chaos_v1:corpse_fly":3,"born_in_chaos_v1:bonescaller_not_despawn":2,"enemyexpansion:botfly":4,"born_in_chaos_v1:dark_vortex":3,"minecraft:stray":11,"born_in_chaos_v1:siamese_skeletonsleft":1,"minecraft:cow":13,"enemyexpansion:slugger":1},"minecraft:dropped":{"minecraft:enchanted_book":1,"minecraft:iron_ingot":5,"minecraft:iron_sword":1,"minecraft:birch_planks":4,"minecraft:oak_log":1,"minecraft:glow_ink_sac":7,"minecraft:iron_helmet":2,"minecraft:cobblestone":130,"minecraft:leather":1,"ancient_elements:topaz_shard":3,"ancient_elements:iron_hammer":1,"minecraft:granite":4,"ancient_elements:raw_lead":8,"ancient_elements:raw_palladium":1,"ancient_elements:obsidian_boots":1,"minecraft:stick":8,"minecraft:dirt":16,"born_in_chaos_v1:river_mint":2,"minecraft:torch":1,"minecraft:rose_bush":12,"spartanweaponry:iron_greatsword":2,"minecraft:iron_pickaxe":1,"minecraft:string":2,"minecraft:birch_log":6,"minecraft:bucket":1,"create:raw_zinc":6,"minecraft:bone":19,"minecraft:stone_axe":2,"born_in_chaos_v1:fire_dust":3,"alexsmobs:animal_dictionary":1,"minecraft:stone_sword":1,"minecraft:cobbled_deepslate":5,"born_in_chaos_v1:ethereal_spirit":14,"minecraft:rotten_flesh":4,"minecraft:iron_boots":1,"minecraft:oak_planks":1,"ancient_elements:obsidian_helmet":1,"minecraft:birch_wood":1,"ancient_elements:raw_tin":4,"supplementaries:ash":45,"minecraft:shield":1,"create:wrench":1,"minecraft:gunpowder":1,"minecraft:diamond_pickaxe":1,"minecraft:iron_chestplate":2,"spartanweaponry:iron_javelin":1,"born_in_chaos_v1:corpse_maggot":6,"minecraft:oak_sapling":9,"minecraft:spider_eye":1,"minecraft:beef":11,"minecraft:slime_ball":1,"minecraft:stone_pickaxe":3,"minecraft:wooden_pickaxe":1},"minecraft:picked_up":{"minecraft:charcoal":2,"minecraft:iron_chestplate":2,"minecraft:crafting_table":2,"born_in_chaos_v1:diamond_termite_shard":9,"born_in_chaos_v1:river_mint":2,"ancient_elements:obsidian_boots":1,"born_in_chaos_v1:seedof_chaos":7,"create:wrench":1,"minecraft:enchanted_book":1,"ancient_elements:raw_palladium":1,"ancient_elements:music_disc_luminous":1,"minecraft:string":2,"minecraft:red_bed":4,"artifacts:power_glove":1,"minecraft:experience_bottle":1,"ancient_elements:selenite_shard":3,"minecraft:candle":1,"minecraft:cobbled_deepslate":67,"minecraft:beef":40,"minecraft:rose_bush":12,"minecraft:iron_boots":1,"minecraft:raw_iron":27,"minecraft:stick":2,"born_in_chaos_v1:shattered_skull":2,"minecraft:porkchop":1,"minecraft:torch":11,"minecraft:acacia_log":2,"ancient_elements:verdant_viridium_shard":15,"epicfight:skillbook":3,"ancient_elements:raw_tin":8,"born_in_chaos_v1:pieceofdarkmetal":3,"ancient_elements:cerulean_shard":3,"ancient_elements:topaz_shard":3,"artifacts:cowboy_hat":1,"minecraft:rotten_flesh":18,"quark:birch_vertical_slab":1,"artifacts:snowshoes":1,"alexscaves:spelunkery_table":2,"minecraft:iron_block":1,"supplementaries:ash":90,"minecraft:obsidian":35,"minecraft:skeleton_skull":2,"minecraft:cobblestone":413,"minecraft:birch_log":19,"born_in_chaos_v1:corpse_maggot":6,"born_in_chaos_v1:spiritual_dust":6,"minecraft:glow_ink_sac":7,"minecraft:leather":15,"minecraft:smoker":1,"ancient_elements:raw_lead":8,"create:raw_zinc":6,"minecraft:crimson_fungus":1,"minecraft:oak_log":34,"minecraft:gunpowder":5,"minecraft:magenta_bed":1,"simple_hearts:rotten_heart":1,"minecraft:dirt":20,"minecraft:bone":19,"minecraft:apple":2,"spartanweaponry:iron_greatsword":1,"minecraft:bow":1,"minecraft:birch_wood":1,"minecraft:stone_pickaxe":1,"minecraft:iron_ingot":16,"minecraft:fletching_table":1,"minecraft:oak_planks":42,"create:mechanical_saw":1,"born_in_chaos_v1:death_totem":1,"minecraft:dark_oak_log":48,"born_in_chaos_v1:orbofthe_summoner":2,"born_in_chaos_v1:ethereal_spirit":14,"born_in_chaos_v1:dark_rod":4,"minecraft:cyan_bed":2,"minecraft:spider_eye":1,"alexsmobs:animal_dictionary":2,"minecraft:slime_ball":1,"born_in_chaos_v1:fire_dust":3,"minecraft:diamond":16,"ancient_elements:obsidian_helmet":1,"minecraft:stone_axe":1,"minecraft:iron_helmet":1,"minecraft:granite":4,"quark:hollow_birch_log":1,"minecraft:oak_sapling":10,"minecraft:coal":14,"minecraft:diamond_pickaxe":1},"minecraft:crafted":{"minecraft:oak_planks":40,"quark:birch_chest":1,"ancient_elements:obsidian_helmet":1,"minecraft:furnace":6,"minecraft:diamond":1,"ancient_elements:obsidian_boots":1,"ancient_elements:obsidian_leggings":1,"minecraft:stone_pickaxe":3,"minecraft:smoker":1,"minecraft:cooked_beef":27,"minecraft:crafting_table":6,"minecraft:wooden_pickaxe":1,"minecraft:iron_sword":1,"minecraft:bucket":1,"minecraft:birch_planks":24,"ancient_elements:obsidian_chestplate":1,"minecraft:stone_axe":1,"ancient_elements:obsidian_axe":1,"minecraft:air":0,"minecraft:charcoal":9,"minecraft:iron_chestplate":1,"minecraft:diamond_pickaxe":1,"minecraft:shield":2,"minecraft:stick":32,"minecraft:iron_pickaxe":1,"minecraft:iron_ingot":31,"minecraft:stone_sword":1,"ancient_elements:iron_hammer":1,"ancient_elements:stone_hammer":1,"minecraft:acacia_planks":8,"ancient_elements:obsidian_ingot":35,"ancient_elements:obsidian_pickaxe":2},"minecraft:custom":{"minecraft:mob_kills":196,"minecraft:interact_with_crafting_table":39,"minecraft:open_barrel":40,"minecraft:damage_dealt_resisted":6819,"minecraft:leave_game":2,"minecraft:time_since_death":34551,"minecraft:climb_one_cm":5486,"minecraft:sprint_one_cm":798488,"minecraft:walk_one_cm":848065,"minecraft:damage_blocked_by_shield":4815,"minecraft:drop":75,"minecraft:talked_to_villager":4,"minecraft:play_time":206783,"minecraft:deaths":39,"minecraft:sneak_time":7102,"minecraft:walk_under_water_one_cm":17680,"minecraft:jump":3733,"minecraft:interact_with_blast_furnace":4,"minecraft:total_world_time":206783,"minecraft:walk_on_water_one_cm":78442,"minecraft:interact_with_furnace":42,"spartanshields:shield_bash_hits":5,"minecraft:play_record":1,"minecraft:interact_with_loom":4,"minecraft:sleep_in_bed":11,"minecraft:time_since_rest":17140,"minecraft:waystone_activated":1,"minecraft:damage_absorbed":240,"minecraft:damage_taken":12828,"minecraft:trigger_trapped_chest":2,"minecraft:damage_dealt":39755,"minecraft:player_kills":1,"minecraft:swim_one_cm":59023,"minecraft:fly_one_cm":1162332,"minecraft:open_chest":40,"minecraft:crouch_one_cm":45501,"minecraft:interact_with_smoker":11,"minecraft:fall_one_cm":103110},"minecraft:mined":{"biomesoplenty:orange_autumn_leaves":1,"create:zinc_ore":6,"alexscaves:spelunkery_table":2,"create:deepslate_zinc_ore":1,"minecraft:red_carpet":1,"ancient_elements:lead_ore":8,"minecraft:mossy_cobblestone":3,"minecraft:deepslate_diamond_ore":12,"minecraft:dark_oak_log":48,"born_in_chaos_v1:infected_diamond_ore":3,"minecraft:obsidian":37,"minecraft:glow_lichen":1,"minecraft:granite":4,"minecraft:grass_block":5,"biomesoplenty:flowering_oak_leaves":1,"minecraft:spawner":2,"quark:hollow_birch_log":1,"minecraft:oak_trapdoor":2,"ancient_elements:topaz_clust":1,"minecraft:iron_ore":22,"minecraft:fire":5,"minecraft:cobbled_deepslate":1,"ancient_elements:selenite_clust":1,"ancient_elements:tin_ore":4,"minecraft:deepslate_iron_ore":5,"ancient_elements:palladium_ore":1,"minecraft:iron_block":1,"minecraft:stone":261,"create:veridium":1,"minecraft:red_bed":4,"minecraft:crafting_table":2,"born_in_chaos_v1:infected_deepslate_diamond_ore":7,"minecraft:rose_bush":1,"minecraft:birch_wood":1,"minecraft:mushroom_stem":1,"minecraft:cobblestone":38,"biomesoplenty:sprout":3,"minecraft:cyan_bed":2,"minecraft:diorite":2,"minecraft:skeleton_skull":1,"supplementaries:urn":14,"ancient_elements:budding_selenite":1,"minecraft:chain":2,"ancient_elements:verdant_viridium_clust":5,"minecraft:birch_log":18,"minecraft:tnt":1,"ancient_elements:cerulean_clust":1,"minecraft:grass":8,"minecraft:coal_ore":15,"minecraft:oak_log":25,"minecraft:gravel":5,"minecraft:dirt":11,"minecraft:cobweb":27,"minecraft:oak_leaves":8,"minecraft:deepslate":65}},"DataVersion":3465}