{"stats":{"minecraft:mined":{"create:zinc_ore":6,"alexscaves:spelunkery_table":2,"create:deepslate_zinc_ore":1,"minecraft:mossy_cobblestone":3,"ancient_elements:lead_ore":8,"minecraft:deepslate_diamond_ore":6,"born_in_chaos_v1:infected_diamond_ore":3,"minecraft:obsidian":37,"minecraft:glow_lichen":1,"minecraft:granite":4,"biomesoplenty:flowering_oak_leaves":1,"minecraft:oak_trapdoor":2,"minecraft:iron_ore":22,"minecraft:fire":3,"minecraft:cobbled_deepslate":1,"ancient_elements:selenite_clust":1,"ancient_elements:tin_ore":4,"minecraft:deepslate_iron_ore":5,"ancient_elements:palladium_ore":1,"minecraft:stone":185,"minecraft:crafting_table":2,"born_in_chaos_v1:infected_deepslate_diamond_ore":3,"minecraft:rose_bush":1,"minecraft:cobblestone":38,"biomesoplenty:sprout":3,"ancient_elements:budding_selenite":1,"supplementaries:urn":14,"ancient_elements:verdant_viridium_clust":5,"minecraft:birch_log":4,"minecraft:tnt":1,"minecraft:grass":3,"minecraft:oak_log":13,"minecraft:coal_ore":15,"minecraft:gravel":5,"minecraft:dirt":2,"minecraft:oak_leaves":8,"minecraft:deepslate":46},"minecraft:killed":{"born_in_chaos_v1:restless_spirit":1,"born_in_chaos_v1:zombie_lumberjack":1,"minecraft:spider":1,"quark:toretoise":1,"enemyexpansion:direwolf":1,"born_in_chaos_v1:maggot":4,"minecraft:skeleton":2,"enemyexpansion:goblin":1,"artifacts:mimic":3,"enemyexpansion:ladybug":2,"farlanders:rebel":1,"born_in_chaos_v1:diamond_termite":10,"enemyexpansion:sprinter":1,"born_in_chaos_v1:zombie_fisherman":1,"minecraft:zombie":7,"born_in_chaos_v1:dark_vortex":1,"born_in_chaos_v1:corpse_fly":1,"enemyexpansion:slugger":1},"minecraft:killed_by":{"minecraft:player":2,"born_in_chaos_v1:skeleton_thrasher":2,"quark:toretoise":1,"alexsmobs:murmur_head":1,"minecraft:skeleton":2,"born_in_chaos_v1:spiritof_chaos":1,"farlanders:rebel":2,"artifacts:mimic":2,"minecraft:zombie":1,"enemyexpansion:invisicreeper":1},"minecraft:custom":{"minecraft:mob_kills":43,"minecraft:interact_with_crafting_table":24,"minecraft:open_barrel":10,"minecraft:damage_dealt_resisted":1605,"minecraft:leave_game":1,"minecraft:time_since_death":4991,"minecraft:sprint_one_cm":261235,"minecraft:walk_one_cm":369429,"minecraft:damage_blocked_by_shield":3015,"minecraft:drop":31,"minecraft:play_time":91619,"minecraft:deaths":16,"minecraft:sneak_time":6582,"minecraft:walk_under_water_one_cm":16053,"minecraft:jump":1339,"minecraft:interact_with_blast_furnace":2,"minecraft:walk_on_water_one_cm":55862,"minecraft:total_world_time":91619,"minecraft:interact_with_furnace":27,"spartanshields:shield_bash_hits":2,"minecraft:interact_with_loom":2,"minecraft:sleep_in_bed":6,"minecraft:time_since_rest":2622,"minecraft:damage_taken":5379,"minecraft:trigger_trapped_chest":2,"minecraft:damage_dealt":9482,"minecraft:swim_one_cm":4547,"minecraft:fly_one_cm":280045,"minecraft:player_kills":1,"minecraft:open_chest":1,"minecraft:crouch_one_cm":42096,"minecraft:fall_one_cm":37078},"minecraft:broken":{"minecraft:stone_pickaxe":1},"minecraft:used":{"minecraft:stone_sword":43,"minecraft:shield":33,"minecraft:iron_sword":235,"minecraft:rotten_flesh":2,"minecraft:iron_chestplate":1,"minecraft:torch":3,"ancient_elements:stone_hammer":17,"ancient_elements:obsidian_pickaxe":62,"minecraft:water_bucket":27,"minecraft:stone_pickaxe":199,"minecraft:wooden_pickaxe":13,"minecraft:crafting_table":5,"minecraft:magenta_bed":1,"minecraft:red_bed":1,"minecraft:diamond_pickaxe":36,"minecraft:apple":2,"minecraft:bread":10,"minecraft:iron_pickaxe":101,"minecraft:stone_axe":24,"minecraft:cobblestone":141,"minecraft:bucket":27,"alexsmobs:animal_dictionary":2,"minecraft:experience_bottle":1},"minecraft:picked_up":{"minecraft:charcoal":2,"born_in_chaos_v1:diamond_termite_shard":7,"minecraft:crafting_table":2,"born_in_chaos_v1:river_mint":1,"ancient_elements:raw_palladium":1,"ancient_elements:music_disc_luminous":1,"minecraft:red_bed":1,"artifacts:power_glove":1,"minecraft:experience_bottle":1,"ancient_elements:selenite_shard":3,"minecraft:cobbled_deepslate":61,"minecraft:candle":1,"minecraft:rose_bush":12,"minecraft:iron_boots":1,"minecraft:raw_iron":27,"minecraft:stick":2,"minecraft:acacia_log":2,"minecraft:torch":11,"ancient_elements:verdant_viridium_shard":15,"ancient_elements:raw_tin":4,"minecraft:rotten_flesh":13,"artifacts:snowshoes":1,"alexscaves:spelunkery_table":2,"supplementaries:ash":41,"minecraft:obsidian":35,"minecraft:cobblestone":338,"minecraft:birch_log":6,"born_in_chaos_v1:corpse_maggot":3,"minecraft:glow_ink_sac":7,"minecraft:leather":2,"minecraft:smoker":1,"ancient_elements:raw_lead":8,"minecraft:oak_log":22,"create:raw_zinc":6,"minecraft:magenta_bed":1,"minecraft:gunpowder":5,"minecraft:dirt":18,"minecraft:bone":7,"minecraft:apple":2,"minecraft:iron_ingot":6,"minecraft:stone_pickaxe":1,"minecraft:fletching_table":1,"minecraft:oak_planks":42,"born_in_chaos_v1:ethereal_spirit":3,"born_in_chaos_v1:dark_rod":2,"alexsmobs:animal_dictionary":2,"minecraft:spider_eye":1,"minecraft:slime_ball":1,"minecraft:diamond":8,"minecraft:stone_axe":1,"minecraft:granite":4,"minecraft:oak_sapling":9,"minecraft:coal":14},"minecraft:crafted":{"minecraft:oak_planks":16,"minecraft:furnace":2,"minecraft:stone_pickaxe":3,"minecraft:crafting_table":3,"minecraft:wooden_pickaxe":1,"minecraft:iron_sword":1,"minecraft:bucket":1,"minecraft:stone_axe":1,"minecraft:air":0,"minecraft:iron_chestplate":1,"minecraft:diamond_pickaxe":1,"minecraft:shield":2,"minecraft:stick":20,"minecraft:iron_pickaxe":1,"minecraft:iron_ingot":22,"minecraft:stone_sword":1,"ancient_elements:stone_hammer":1,"minecraft:acacia_planks":8,"ancient_elements:obsidian_ingot":27,"ancient_elements:obsidian_pickaxe":1},"minecraft:dropped":{"minecraft:iron_sword":1,"minecraft:oak_log":1,"minecraft:cobblestone":130,"minecraft:leather":1,"minecraft:granite":4,"minecraft:stick":2,"minecraft:dirt":16,"minecraft:rose_bush":12,"minecraft:birch_log":6,"minecraft:bone":7,"minecraft:stone_axe":1,"alexsmobs:animal_dictionary":1,"minecraft:stone_sword":1,"minecraft:rotten_flesh":4,"minecraft:oak_planks":1,"minecraft:shield":1,"minecraft:gunpowder":1,"minecraft:oak_sapling":8,"minecraft:spider_eye":1,"minecraft:wooden_pickaxe":1,"minecraft:stone_pickaxe":3}},"DataVersion":3465}