{"stats":{"minecraft:broken":{"ancient_elements:obsidian_boots":1,"minecraft:diamond_helmet":1,"ancient_elements:stone_hammer":1,"minecraft:stone_pickaxe":1,"ancient_elements:obsidian_helmet":1,"aether:iron_gloves":1,"ancient_elements:obsidian_chestplate":1,"ancient_elements:obsidian_leggings":1},"minecraft:killed_by":{"minecraft:piglin_brute":2,"alexsmobs:murmur_head":1,"enemyexpansion:huntsman":1,"ancient_elements:aetherial_glaze":1,"born_in_chaos_v1:diamond_termite":1,"born_in_chaos_v1:supreme_bonescaller_not_despawn":1,"born_in_chaos_v1:spiritof_chaos":1,"artifacts:mimic":2,"farlanders:rebel":2,"minecraft:witch":1,"minecraft:zombie":2,"enemyexpansion:vampflyer":1,"enemyexpansion:silverqueen":1,"born_in_chaos_v1:dire_hound_leader":1,"enemyexpansion:invisicreeper":1,"minecraft:vex":1,"minecraft:player":2,"minecraft:stray":4,"born_in_chaos_v1:skeleton_thrasher":2,"minecraft:spider":1,"mutantmonsters:mutant_enderman":1,"quark:toretoise":1,"ancient_elements:selenite_crystal_slime":1,"born_in_chaos_v1:sir_pumpkinhead_without_horse":1,"born_in_chaos_v1:decrepit_skeleton":1,"minecraft:skeleton":3,"enemyexpansion:direwolf":1,"born_in_chaos_v1:door_knight":1},"minecraft:used":{"minecraft:ladder":1,"minecraft:shield":54,"minecraft:iron_sword":235,"minecraft:rotten_flesh":13,"minecraft:iron_chestplate":1,"spartanweaponry:iron_javelin":1,"ancient_elements:obsidian_boots":3,"minecraft:obsidian":1,"born_in_chaos_v1:corpse_maggot":9,"minecraft:stone_bricks":1,"ancient_elements:obsidian_axe":123,"minecraft:sweet_berries":6,"minecraft:furnace":4,"spartanweaponry:iron_greatsword":200,"minecraft:dark_prismarine_stairs":12,"ancient_elements:obsidian_pickaxe":695,"epicfight:skillbook":12,"minecraft:diamond_boots":1,"minecraft:stone_pickaxe":199,"minecraft:birch_wood":1,"create:crimsite":3,"minecraft:wooden_pickaxe":13,"ancient_elements:obsidian_leggings":2,"minecraft:glow_berries":13,"minecraft:golden_apple":3,"alexscaves:cave_book":1,"minecraft:blast_furnace":1,"minecraft:stone_brick_wall":1,"waystones:waystone":1,"minecraft:dark_oak_log":19,"minecraft:light_gray_concrete":1,"minecraft:cyan_bed":2,"minecraft:bread":23,"ancient_elements:obsidian_helmet":1,"spartanshields:diamond_tower_shield":14,"create:black_toolbox":1,"minecraft:polished_andesite_slab":2,"minecraft:diamond_sword":818,"minecraft:dark_oak_fence":1,"minecraft:andesite":13,"minecraft:birch_log":1,"minecraft:cobweb":5,"minecraft:experience_bottle":1,"ancient_elements:obsidian_chestplate":1,"create:limestone":1,"quark:birch_chest":1,"minecraft:stone_sword":43,"minecraft:spruce_planks":47,"minecraft:stick":1,"minecraft:torch":46,"minecraft:dirt":38,"minecraft:granite":1,"ancient_elements:music_disc_luminous":1,"ancient_elements:stone_hammer":66,"minecraft:dark_oak_planks":15,"create:wrench":9,"minecraft:rooted_dirt":29,"minecraft:diamond_chestplate":2,"alexscaves:spelunkery_table":2,"minecraft:beef":7,"minecraft:cooked_beef":27,"minecraft:cobbled_deepslate":30,"minecraft:water_bucket":33,"quark:hollow_birch_log":1,"ancient_elements:iron_hammer":122,"minecraft:crafting_table":15,"minecraft:red_bed":19,"minecraft:magenta_bed":1,"minecraft:smoker":3,"minecraft:dark_prismarine":4,"minecraft:diamond_pickaxe":89,"minecraft:apple":15,"minecraft:iron_pickaxe":101,"minecraft:stone_axe":69,"minecraft:crimson_fungus":1,"quark:slime_in_a_bucket":1,"minecraft:cobblestone":166,"minecraft:porkchop":11,"quark:spruce_ladder":1,"minecraft:bucket":34,"alexsmobs:animal_dictionary":2,"minecraft:diamond_leggings":1},"minecraft:killed":{"minecraft:cave_spider":16,"born_in_chaos_v1:mr_pumpkin":6,"minecraft:witch":2,"born_in_chaos_v1:restless_spirit":8,"born_in_chaos_v1:zombie_lumberjack":1,"born_in_chaos_v1:sir_the_headless":1,"born_in_chaos_v1:door_knight_not_despawn":1,"enemyexpansion:equestrian":1,"minecraft:spider":23,"born_in_chaos_v1:siamese_skeletonsright":2,"born_in_chaos_v1:baby_skeleton_minion":13,"minecraft:skeleton":32,"born_in_chaos_v1:supreme_bonescaller_stage_2":4,"minecraft:piglin_brute":4,"born_in_chaos_v1:firelight_not_despawn":6,"enemyexpansion:vampflyer":1,"artifacts:mimic":5,"minecraft:magma_cube":7,"minecraft:piglin":2,"born_in_chaos_v1:bonescaller":1,"minecraft:pig":8,"enemyexpansion:ladybug":4,"quark:stoneling":2,"farlanders:rebel":2,"minecraft:zombie_villager":1,"born_in_chaos_v1:diamond_termite":19,"minecraft:creeper":2,"minecraft:sheep":1,"born_in_chaos_v1:zombie_fisherman":2,"minecraft:zombie":55,"born_in_chaos_v1:dread_hound":4,"enemyexpansion:vampire":1,"born_in_chaos_v1:corpse_fly":38,"minecraft:stray":26,"enemyexpansion:botfly":4,"alexsmobs:fly":1,"born_in_chaos_v1:siamese_skeletonsleft":2,"minecraft:cow":21,"minecraft:vex":3,"aquaculture:bluegill":1,"born_in_chaos_v1:zombie_clown_not_despawn":1,"quark:toretoise":3,"born_in_chaos_v1:skeleton_thrasher_not_despawn":1,"enemyexpansion:direwolf":8,"born_in_chaos_v1:zombie_bruiser":2,"born_in_chaos_v1:maggot":20,"born_in_chaos_v1:pumpkinhead":1,"enemyexpansion:faller":2,"takesapillage:clay_golem":1,"minecraft:drowned":5,"alexsmobs:tusklin":1,"enemyexpansion:goblin":3,"born_in_chaos_v1:spiritof_chaos":1,"born_in_chaos_v1:felsteed":1,"farlanders:looter":1,"born_in_chaos_v1:bone_imp_minion":18,"born_in_chaos_v1:baby_skeleton":6,"born_in_chaos_v1:swarmer":2,"ancient_elements:aetherial_glaze":3,"enemyexpansion:sprinter":1,"born_in_chaos_v1:decrepit_skeleton":14,"born_in_chaos_v1:decaying_zombie":1,"enemyexpansion:huntsman":1,"born_in_chaos_v1:bonescaller_not_despawn":6,"born_in_chaos_v1:dark_vortex":4,"minecraft:enderman":1,"enemyexpansion:slugger":1},"minecraft:dropped":{"minecraft:iron_sword":1,"minecraft:moss_block":3,"minecraft:birch_planks":4,"minecraft:cooked_beef":4,"minecraft:oak_log":1,"minecraft:glow_ink_sac":7,"minecraft:diamond":4,"minecraft:crafting_table":1,"minecraft:lantern":1,"minecraft:leather":1,"minecraft:chest_minecart":1,"ancient_elements:raw_lead":8,"born_in_chaos_v1:pieceofdarkmetal":3,"born_in_chaos_v1:pileof_dark_metal":1,"minecraft:dirt":20,"minecraft:red_bed":1,"ancient_elements:obsidian_pickaxe":1,"minecraft:dark_oak_fence":1,"simple_hearts:rotten_heart":3,"minecraft:tnt_minecart":1,"minecraft:chain":4,"minecraft:black_concrete":3,"minecraft:iron_pickaxe":1,"minecraft:dark_oak_planks":38,"minecraft:birch_log":12,"minecraft:bone":19,"minecraft:gravel":2,"minecraft:crimson_fungus":1,"minecraft:stone_axe":2,"born_in_chaos_v1:fire_dust":3,"alexsmobs:animal_dictionary":1,"minecraft:cobbled_deepslate":6,"born_in_chaos_v1:ethereal_spirit":14,"minecraft:rotten_flesh":26,"ancient_elements:obsidian_helmet":1,"minecraft:oak_planks":8,"minecraft:birch_wood":1,"ancient_elements:raw_tin":4,"supplementaries:ash":90,"minecraft:gunpowder":1,"minecraft:charcoal":9,"born_in_chaos_v1:corpse_maggot":12,"spartanweaponry:iron_javelin":1,"create:wrench":2,"minecraft:iron_bars":1,"minecraft:beef":13,"minecraft:iron_ingot":5,"minecraft:enchanted_book":2,"minecraft:iron_helmet":2,"minecraft:cobblestone":313,"ancient_elements:topaz_shard":3,"ancient_elements:iron_hammer":1,"minecraft:granite":4,"ancient_elements:raw_palladium":1,"ancient_elements:obsidian_boots":1,"minecraft:stick":14,"born_in_chaos_v1:gnawed_bones":2,"minecraft:diorite":1,"heartbalance:half_heart":5,"born_in_chaos_v1:river_mint":2,"minecraft:torch":3,"minecraft:rose_bush":12,"born_in_chaos_v1:fused_bone":6,"minecraft:iron_door":1,"spartanweaponry:iron_greatsword":2,"biomesoplenty:glowshroom":1,"minecraft:string":2,"minecraft:bucket":1,"create:raw_zinc":6,"epicfight:stray_pants":2,"minecraft:furnace":1,"minecraft:dark_prismarine_stairs":10,"minecraft:stone_sword":1,"minecraft:clay_ball":48,"minecraft:iron_boots":1,"ancient_elements:meteorite_block":3,"minecraft:light_gray_concrete":2,"minecraft:pumpkin_seeds":28,"minecraft:shield":4,"minecraft:iron_chestplate":2,"minecraft:diamond_pickaxe":1,"minecraft:oak_sapling":9,"minecraft:spider_eye":7,"minecraft:diamond_boots":1,"minecraft:slime_ball":1,"minecraft:bow":3,"minecraft:stone_pickaxe":3,"minecraft:wooden_pickaxe":1,"minecraft:magma_block":1},"minecraft:picked_up":{"quark:diamond_heart":2,"minecraft:iron_chestplate":2,"quark:spruce_ladder":1,"create:wrench":2,"minecraft:enchanted_book":2,"ancient_elements:raw_palladium":1,"born_in_chaos_v1:holiday_candy":29,"create:limestone":1,"minecraft:string":68,"ancient_elements:meteorite_block":3,"minecraft:experience_bottle":1,"minecraft:tnt_minecart":1,"minecraft:cobbled_deepslate":97,"minecraft:spruce_planks":3,"minecraft:rose_bush":12,"born_in_chaos_v1:stimulating_decoction":1,"minecraft:furnace":2,"minecraft:iron_boots":1,"minecraft:tipped_arrow":6,"artifacts:universal_attractor":1,"minecraft:stick":6,"born_in_chaos_v1:shattered_skull":3,"born_in_chaos_v1:pileof_dark_metal":1,"minecraft:torch":18,"minecraft:acacia_log":2,"minecraft:porkchop":19,"ancient_elements:verdant_viridium_shard":15,"epicfight:skillbook":10,"minecraft:diorite":1,"ancient_elements:topaz_shard":3,"minecraft:rotten_flesh":62,"minecraft:iron_block":1,"supplementaries:ash":90,"minecraft:iron_bars":1,"epicfight:stray_robe":1,"minecraft:obsidian":75,"minecraft:cobblestone":604,"minecraft:birch_log":19,"minecraft:magma_block":1,"minecraft:cooked_beef":4,"minecraft:iron_door":1,"born_in_chaos_v1:spiritual_dust":13,"minecraft:andesite":13,"ancient_elements:obsidian_pickaxe":1,"biomesoplenty:glowshroom":1,"minecraft:smoker":3,"ancient_elements:raw_lead":8,"create:raw_zinc":6,"minecraft:magenta_bed":1,"minecraft:lapis_lazuli":6,"minecraft:dirt":60,"minecraft:lantern":3,"minecraft:name_tag":1,"minecraft:bone":68,"minecraft:bow":4,"spartanweaponry:iron_greatsword":1,"minecraft:birch_wood":1,"minecraft:fletching_table":1,"minecraft:moss_block":3,"minecraft:oak_planks":46,"ancient_elements:aero_charge":2,"minecraft:cyan_bed":2,"alexsmobs:animal_dictionary":2,"minecraft:dark_oak_log":59,"minecraft:dark_prismarine":4,"minecraft:light_gray_concrete":3,"create:crimsite":3,"born_in_chaos_v1:fire_dust":5,"minecraft:diamond":28,"minecraft:black_concrete":3,"waystones:waystone":4,"minecraft:granite":5,"minecraft:bread":3,"minecraft:rooted_dirt":29,"minecraft:oak_sapling":10,"minecraft:dark_oak_fence":2,"minecraft:diamond_pickaxe":1,"minecraft:charcoal":2,"minecraft:crafting_table":8,"born_in_chaos_v1:diamond_termite_shard":9,"minecraft:clay_ball":48,"minecraft:chest_minecart":1,"minecraft:ladder":1,"born_in_chaos_v1:river_mint":2,"ancient_elements:obsidian_boots":1,"born_in_chaos_v1:seedof_chaos":16,"minecraft:stone_brick_wall":1,"minecraft:chain":4,"minecraft:shield":2,"epicfight:stray_pants":3,"ancient_elements:music_disc_luminous":1,"minecraft:red_bed":21,"artifacts:power_glove":1,"ancient_elements:selenite_shard":3,"ancient_elements:aetherial_shard":1,"minecraft:candle":1,"minecraft:dark_prismarine_stairs":22,"minecraft:beef":57,"born_in_chaos_v1:gnawed_bones":2,"minecraft:raw_iron":27,"ancient_elements:raw_tin":8,"born_in_chaos_v1:pieceofdarkmetal":15,"minecraft:dark_oak_planks":41,"ancient_elements:cerulean_shard":3,"minecraft:arrow":38,"artifacts:cowboy_hat":1,"quark:birch_vertical_slab":1,"minecraft:diamond_boots":1,"artifacts:snowshoes":1,"minecraft:hay_block":5,"alexscaves:spelunkery_table":2,"minecraft:glow_berries":11,"minecraft:skeleton_skull":2,"minecraft:rail":11,"born_in_chaos_v1:fused_bone":3,"born_in_chaos_v1:corpse_maggot":28,"minecraft:air":0,"born_in_chaos_v1:pumpkin_staff":1,"minecraft:glow_ink_sac":7,"minecraft:leather":20,"minecraft:crimson_fungus":1,"minecraft:oak_log":36,"minecraft:gunpowder":5,"simple_hearts:rotten_heart":1,"born_in_chaos_v1:soul_cutlass":1,"minecraft:apple":2,"minecraft:stone_bricks":1,"heartbalance:half_heart":6,"minecraft:iron_ingot":16,"minecraft:stone_pickaxe":1,"artifacts:steadfast_spikes":1,"minecraft:polished_andesite_slab":5,"create:mechanical_saw":1,"minecraft:sweet_berries":36,"born_in_chaos_v1:death_totem":1,"epicfight:stone_greatsword":1,"born_in_chaos_v1:orbofthe_summoner":4,"born_in_chaos_v1:ethereal_spirit":15,"minecraft:gravel":13,"born_in_chaos_v1:dark_rod":5,"minecraft:blast_furnace":1,"minecraft:spruce_log":13,"minecraft:spider_eye":7,"minecraft:pumpkin_seeds":58,"born_in_chaos_v1:pile_of_skulls":1,"minecraft:slime_ball":1,"ancient_elements:obsidian_helmet":1,"minecraft:stone_axe":1,"minecraft:iron_helmet":1,"quark:hollow_birch_log":1,"minecraft:coal":116},"minecraft:crafted":{"minecraft:smooth_stone":3,"minecraft:oak_planks":48,"quark:birch_chest":1,"spartanshields:wooden_tower_shield":1,"usefulbackpacks:backpack_small":1,"minecraft:stone":3,"minecraft:diamond_helmet":1,"minecraft:diamond_leggings":1,"minecraft:smoker":1,"spartanshields:diamond_tower_shield":1,"minecraft:crafting_table":9,"minecraft:spruce_planks":52,"minecraft:wooden_pickaxe":1,"minecraft:birch_planks":24,"minecraft:iron_chestplate":1,"minecraft:charcoal":9,"minecraft:diamond_pickaxe":1,"usefulbackpacks:backpack_large":1,"minecraft:shield":2,"minecraft:stick":48,"minecraft:iron_ingot":31,"minecraft:iron_pickaxe":1,"minecraft:stone_sword":1,"ancient_elements:stone_hammer":1,"ancient_elements:obsidian_ingot":82,"ancient_elements:obsidian_helmet":2,"minecraft:furnace":9,"minecraft:blast_furnace":1,"minecraft:diamond":1,"ancient_elements:obsidian_boots":2,"ancient_elements:obsidian_leggings":2,"minecraft:stone_pickaxe":3,"minecraft:diamond_boots":2,"usefulbackpacks:backpack_medium":1,"minecraft:dark_oak_planks":64,"minecraft:wheat":45,"minecraft:cooked_beef":27,"minecraft:iron_sword":1,"minecraft:bucket":2,"ancient_elements:obsidian_chestplate":2,"born_in_chaos_v1:bone_heart":1,"minecraft:stone_axe":1,"ancient_elements:obsidian_axe":1,"minecraft:bread":15,"minecraft:air":0,"minecraft:white_wool":12,"ancient_elements:iron_hammer":1,"minecraft:acacia_planks":8,"minecraft:torch":48,"ancient_elements:obsidian_pickaxe":2,"minecraft:diamond_chestplate":1},"minecraft:custom":{"minecraft:interact_with_crafting_table":75,"minecraft:open_barrel":75,"minecraft:leave_game":3,"minecraft:time_since_death":68642,"minecraft:damage_resisted":24,"minecraft:sprint_one_cm":1715851,"minecraft:damage_blocked_by_shield":6705,"minecraft:drop":157,"minecraft:talked_to_villager":5,"minecraft:play_time":458414,"minecraft:deaths":41,"minecraft:jump":6893,"minecraft:interact_with_brewingstand":4,"minecraft:walk_on_water_one_cm":145013,"minecraft:interact_with_furnace":51,"minecraft:play_record":1,"minecraft:interact_with_loom":5,"minecraft:sleep_in_bed":19,"minecraft:waystone_activated":4,"minecraft:damage_dealt":90358,"minecraft:player_kills":1,"minecraft:crouch_one_cm":68261,"minecraft:interact_with_smoker":12,"minecraft:inspect_dispenser":2,"minecraft:mob_kills":459,"minecraft:damage_dealt_resisted":13093,"minecraft:climb_one_cm":94532,"minecraft:walk_one_cm":1725681,"minecraft:damage_dealt_absorbed":9,"minecraft:sneak_time":11824,"minecraft:walk_under_water_one_cm":34390,"minecraft:interact_with_blast_furnace":10,"minecraft:total_world_time":458414,"spartanshields:shield_bash_hits":6,"minecraft:tune_noteblock":2,"minecraft:time_since_rest":16990,"minecraft:damage_taken":15070,"minecraft:damage_absorbed":8986,"minecraft:trigger_trapped_chest":2,"minecraft:swim_one_cm":205854,"minecraft:fly_one_cm":2043232,"minecraft:open_chest":92,"minecraft:fall_one_cm":179224},"minecraft:mined":{"minecraft:dark_oak_planks":3,"minecraft:dark_prismarine_stairs":22,"minecraft:large_amethyst_bud":2,"create:deepslate_zinc_ore":1,"minecraft:spruce_planks":9,"biomesoplenty:glowshroom":1,"minecraft:cave_vines_plant":1,"minecraft:obsidian":77,"minecraft:granite":37,"born_in_chaos_v1:dark_metal_deposit":4,"minecraft:grass_block":19,"biomesoplenty:flowering_oak_leaves":1,"born_in_chaos_v1:pile_of_skulls":1,"minecraft:spawner":7,"quark:hollow_birch_log":1,"minecraft:magma_block":1,"ancient_elements:topaz_clust":1,"minecraft:iron_ore":26,"minecraft:cobbled_deepslate":1,"minecraft:fire":11,"ancient_elements:selenite_clust":1,"ancient_elements:tin_ore":4,"biomesoplenty:hanging_cobweb":2,"supplementaries:stick":1,"minecraft:cave_vines":1,"minecraft:iron_bars":1,"minecraft:light_gray_concrete":3,"minecraft:tripwire":4,"minecraft:iron_block":1,"create:veridium":1,"create:limestone":1,"minecraft:red_bed":19,"biomesoplenty:glowworm_silk":1,"minecraft:smoker":2,"minecraft:clay":4,"born_in_chaos_v1:infected_deepslate_diamond_ore":9,"minecraft:torch":1,"minecraft:blast_furnace":1,"minecraft:calcite":3,"minecraft:mushroom_stem":1,"minecraft:cobblestone":48,"minecraft:birch_wood":1,"minecraft:cyan_bed":2,"minecraft:iron_door":1,"minecraft:wall_torch":1,"minecraft:amethyst_block":4,"minecraft:skeleton_skull":1,"minecraft:chain":6,"biomesoplenty:glowworm_silk_strand":2,"minecraft:birch_log":18,"minecraft:tnt":1,"ancient_elements:cerulean_clust":1,"minecraft:grass":25,"minecraft:oak_log":27,"minecraft:smooth_quartz":5,"minecraft:dirt":57,"minecraft:smooth_basalt":2,"born_in_chaos_v1:infernal_evil_pumpkin_s":1,"create:crimsite":4,"minecraft:oak_leaves":9,"minecraft:deepslate":98,"minecraft:dark_prismarine":4,"create:zinc_ore":7,"biomesoplenty:orange_autumn_leaves":2,"alexscaves:spelunkery_table":2,"minecraft:tuff":4,"minecraft:red_carpet":1,"minecraft:mossy_cobblestone":3,"ancient_elements:lead_ore":9,"quark:shale":2,"minecraft:deepslate_diamond_ore":20,"minecraft:dark_oak_log":59,"born_in_chaos_v1:infected_diamond_ore":4,"minecraft:glow_lichen":1,"minecraft:dark_oak_fence":2,"ancient_elements:meteorite_block":5,"minecraft:polished_andesite_slab":5,"born_in_chaos_v1:gnawed_bones":1,"minecraft:moss_block":3,"minecraft:rooted_dirt":29,"minecraft:hay_block":5,"minecraft:oak_trapdoor":2,"minecraft:furnace":2,"minecraft:acacia_wood":1,"minecraft:andesite":26,"minecraft:black_concrete":3,"minecraft:vine":1,"minecraft:deepslate_iron_ore":5,"ancient_elements:palladium_ore":1,"minecraft:lantern":3,"minecraft:packed_ice":1,"biomesoplenty:spider_egg":1,"minecraft:stone":454,"minecraft:crafting_table":7,"minecraft:rose_bush":1,"minecraft:tall_grass":2,"minecraft:copper_ore":3,"biomesoplenty:sprout":4,"minecraft:diorite":7,"minecraft:big_dripleaf":2,"ancient_elements:budding_selenite":1,"supplementaries:urn":15,"minecraft:gray_wool":1,"ancient_elements:verdant_viridium_clust":5,"minecraft:sweet_berry_bush":16,"quark:spruce_ladder":1,"minecraft:ice":1,"minecraft:spruce_log":13,"minecraft:coal_ore":53,"minecraft:dripstone_block":3,"minecraft:gravel":17,"minecraft:cobweb":72,"minecraft:gold_ore":1}},"DataVersion":3465}