{"stats":{"minecraft:mined":{"create:zinc_ore":6,"alexscaves:spelunkery_table":2,"create:deepslate_zinc_ore":1,"minecraft:red_carpet":1,"minecraft:mossy_cobblestone":3,"ancient_elements:lead_ore":8,"minecraft:deepslate_diamond_ore":12,"born_in_chaos_v1:infected_diamond_ore":3,"minecraft:obsidian":37,"minecraft:glow_lichen":1,"minecraft:granite":4,"minecraft:grass_block":2,"biomesoplenty:flowering_oak_leaves":1,"minecraft:spawner":1,"quark:hollow_birch_log":1,"minecraft:oak_trapdoor":2,"ancient_elements:topaz_clust":1,"minecraft:iron_ore":22,"minecraft:fire":5,"minecraft:cobbled_deepslate":1,"ancient_elements:selenite_clust":1,"ancient_elements:tin_ore":4,"minecraft:deepslate_iron_ore":5,"ancient_elements:palladium_ore":1,"minecraft:iron_block":1,"minecraft:stone":186,"create:veridium":1,"minecraft:red_bed":2,"minecraft:crafting_table":2,"born_in_chaos_v1:infected_deepslate_diamond_ore":7,"minecraft:mushroom_stem":1,"minecraft:rose_bush":1,"minecraft:birch_wood":1,"minecraft:cobblestone":38,"biomesoplenty:sprout":3,"minecraft:cyan_bed":2,"minecraft:diorite":2,"minecraft:skeleton_skull":1,"ancient_elements:budding_selenite":1,"supplementaries:urn":14,"ancient_elements:verdant_viridium_clust":5,"minecraft:birch_log":7,"minecraft:tnt":1,"ancient_elements:cerulean_clust":1,"minecraft:grass":3,"minecraft:oak_log":19,"minecraft:coal_ore":15,"minecraft:gravel":5,"minecraft:dirt":2,"minecraft:cobweb":27,"minecraft:oak_leaves":8,"minecraft:deepslate":65},"minecraft:killed_by":{"minecraft:player":2,"minecraft:piglin_brute":2,"minecraft:stray":2,"minecraft:spider":1,"born_in_chaos_v1:skeleton_thrasher":2,"mutantmonsters:mutant_enderman":1,"quark:toretoise":1,"alexsmobs:murmur_head":1,"enemyexpansion:huntsman":1,"ancient_elements:selenite_crystal_slime":1,"born_in_chaos_v1:diamond_termite":1,"minecraft:skeleton":3,"born_in_chaos_v1:spiritof_chaos":1,"farlanders:rebel":2,"artifacts:mimic":2,"minecraft:witch":1,"minecraft:zombie":1,"enemyexpansion:direwolf":1,"enemyexpansion:vampflyer":1,"enemyexpansion:silverqueen":1,"born_in_chaos_v1:dire_hound_leader":1,"born_in_chaos_v1:door_knight":1,"enemyexpansion:invisicreeper":1,"minecraft:vex":1},"minecraft:killed":{"minecraft:cave_spider":3,"minecraft:witch":2,"born_in_chaos_v1:restless_spirit":8,"born_in_chaos_v1:zombie_lumberjack":1,"born_in_chaos_v1:door_knight_not_despawn":1,"minecraft:spider":7,"quark:toretoise":1,"enemyexpansion:direwolf":4,"born_in_chaos_v1:siamese_skeletonsright":1,"born_in_chaos_v1:zombie_bruiser":1,"born_in_chaos_v1:maggot":8,"minecraft:skeleton":3,"minecraft:piglin_brute":4,"born_in_chaos_v1:firelight_not_despawn":3,"enemyexpansion:goblin":2,"enemyexpansion:vampflyer":1,"artifacts:mimic":4,"minecraft:piglin":2,"farlanders:looter":1,"enemyexpansion:ladybug":2,"farlanders:rebel":1,"born_in_chaos_v1:diamond_termite":15,"born_in_chaos_v1:baby_skeleton":2,"enemyexpansion:sprinter":1,"born_in_chaos_v1:decrepit_skeleton":3,"minecraft:sheep":1,"born_in_chaos_v1:zombie_fisherman":1,"enemyexpansion:botfly":4,"minecraft:zombie":21,"born_in_chaos_v1:dread_hound":2,"enemyexpansion:vampire":1,"minecraft:stray":5,"born_in_chaos_v1:dark_vortex":3,"born_in_chaos_v1:corpse_fly":3,"minecraft:cow":13,"born_in_chaos_v1:siamese_skeletonsleft":1,"enemyexpansion:slugger":1},"minecraft:custom":{"minecraft:mob_kills":143,"minecraft:interact_with_crafting_table":30,"minecraft:open_barrel":40,"minecraft:damage_dealt_resisted":3945,"minecraft:leave_game":1,"minecraft:time_since_death":347,"minecraft:climb_one_cm":5486,"minecraft:sprint_one_cm":719119,"minecraft:walk_one_cm":728448,"minecraft:damage_blocked_by_shield":4815,"minecraft:drop":63,"minecraft:talked_to_villager":4,"minecraft:play_time":163619,"minecraft:deaths":34,"minecraft:sneak_time":7043,"minecraft:walk_under_water_one_cm":17680,"minecraft:jump":3504,"minecraft:interact_with_blast_furnace":4,"minecraft:walk_on_water_one_cm":70204,"minecraft:total_world_time":163619,"minecraft:interact_with_furnace":28,"spartanshields:shield_bash_hits":5,"minecraft:play_record":1,"minecraft:interact_with_loom":2,"minecraft:sleep_in_bed":8,"minecraft:time_since_rest":385,"minecraft:waystone_activated":1,"minecraft:damage_taken":11180,"minecraft:damage_absorbed":40,"minecraft:trigger_trapped_chest":2,"minecraft:damage_dealt":29511,"minecraft:swim_one_cm":59023,"minecraft:fly_one_cm":1112051,"minecraft:player_kills":1,"minecraft:open_chest":23,"minecraft:crouch_one_cm":44725,"minecraft:interact_with_smoker":3,"minecraft:fall_one_cm":99911},"minecraft:broken":{"ancient_elements:stone_hammer":1,"minecraft:stone_pickaxe":1},"minecraft:used":{"minecraft:stone_sword":43,"minecraft:shield":53,"minecraft:iron_sword":235,"minecraft:rotten_flesh":2,"minecraft:iron_chestplate":1,"minecraft:torch":10,"spartanweaponry:iron_javelin":1,"ancient_elements:obsidian_boots":3,"ancient_elements:music_disc_luminous":1,"ancient_elements:stone_hammer":66,"create:wrench":9,"minecraft:beef":1,"minecraft:cooked_beef":16,"minecraft:cobbled_deepslate":1,"spartanweaponry:iron_greatsword":78,"ancient_elements:obsidian_pickaxe":100,"minecraft:water_bucket":27,"minecraft:stone_pickaxe":199,"minecraft:birch_wood":1,"quark:hollow_birch_log":1,"minecraft:wooden_pickaxe":13,"ancient_elements:iron_hammer":122,"minecraft:golden_apple":1,"minecraft:crafting_table":7,"minecraft:magenta_bed":1,"minecraft:red_bed":2,"minecraft:smoker":1,"minecraft:diamond_pickaxe":36,"minecraft:apple":2,"minecraft:cyan_bed":2,"minecraft:bread":10,"minecraft:iron_pickaxe":101,"create:black_toolbox":1,"minecraft:stone_axe":69,"minecraft:crimson_fungus":1,"minecraft:cobblestone":142,"minecraft:birch_log":1,"minecraft:bucket":27,"alexsmobs:animal_dictionary":2,"minecraft:experience_bottle":1},"minecraft:picked_up":{"minecraft:iron_chestplate":2,"minecraft:charcoal":2,"born_in_chaos_v1:diamond_termite_shard":9,"minecraft:crafting_table":2,"born_in_chaos_v1:river_mint":2,"ancient_elements:obsidian_boots":1,"ancient_elements:raw_palladium":1,"ancient_elements:music_disc_luminous":1,"minecraft:string":2,"minecraft:red_bed":2,"artifacts:power_glove":1,"minecraft:experience_bottle":1,"ancient_elements:selenite_shard":3,"minecraft:cobbled_deepslate":67,"minecraft:candle":1,"minecraft:beef":29,"minecraft:rose_bush":12,"minecraft:iron_boots":1,"minecraft:raw_iron":27,"minecraft:stick":2,"minecraft:acacia_log":2,"minecraft:torch":11,"ancient_elements:verdant_viridium_shard":15,"epicfight:skillbook":3,"ancient_elements:raw_tin":8,"born_in_chaos_v1:pieceofdarkmetal":3,"ancient_elements:cerulean_shard":3,"ancient_elements:topaz_shard":3,"artifacts:cowboy_hat":1,"minecraft:rotten_flesh":18,"quark:birch_vertical_slab":1,"artifacts:snowshoes":1,"alexscaves:spelunkery_table":2,"minecraft:iron_block":1,"supplementaries:ash":45,"minecraft:obsidian":35,"minecraft:skeleton_skull":2,"minecraft:cobblestone":338,"minecraft:birch_log":8,"born_in_chaos_v1:corpse_maggot":6,"minecraft:glow_ink_sac":7,"minecraft:leather":15,"minecraft:smoker":1,"minecraft:crimson_fungus":1,"ancient_elements:raw_lead":8,"minecraft:oak_log":28,"create:raw_zinc":6,"minecraft:magenta_bed":1,"minecraft:gunpowder":5,"simple_hearts:rotten_heart":1,"minecraft:dirt":18,"minecraft:bone":12,"spartanweaponry:iron_greatsword":1,"minecraft:apple":2,"minecraft:birch_wood":1,"minecraft:bow":1,"minecraft:iron_ingot":16,"minecraft:stone_pickaxe":1,"minecraft:fletching_table":1,"minecraft:oak_planks":42,"create:mechanical_saw":1,"born_in_chaos_v1:ethereal_spirit":14,"born_in_chaos_v1:dark_rod":4,"minecraft:cyan_bed":2,"alexsmobs:animal_dictionary":2,"minecraft:spider_eye":1,"minecraft:slime_ball":1,"born_in_chaos_v1:fire_dust":3,"minecraft:diamond":16,"ancient_elements:obsidian_helmet":1,"minecraft:stone_axe":1,"minecraft:iron_helmet":1,"minecraft:granite":4,"quark:hollow_birch_log":1,"minecraft:oak_sapling":10,"minecraft:coal":14,"minecraft:diamond_pickaxe":1},"minecraft:crafted":{"minecraft:oak_planks":40,"ancient_elements:obsidian_helmet":1,"minecraft:furnace":2,"ancient_elements:obsidian_boots":1,"ancient_elements:obsidian_leggings":1,"minecraft:stone_pickaxe":3,"minecraft:cooked_beef":16,"minecraft:crafting_table":5,"minecraft:wooden_pickaxe":1,"minecraft:iron_sword":1,"ancient_elements:obsidian_chestplate":1,"minecraft:bucket":1,"minecraft:birch_planks":4,"minecraft:stone_axe":1,"minecraft:air":0,"minecraft:iron_chestplate":1,"minecraft:diamond_pickaxe":1,"minecraft:shield":2,"minecraft:stick":24,"minecraft:iron_pickaxe":1,"minecraft:iron_ingot":22,"minecraft:stone_sword":1,"ancient_elements:iron_hammer":1,"ancient_elements:stone_hammer":1,"minecraft:acacia_planks":8,"ancient_elements:obsidian_ingot":35,"ancient_elements:obsidian_pickaxe":1},"minecraft:dropped":{"minecraft:iron_ingot":5,"minecraft:iron_sword":1,"minecraft:oak_log":1,"minecraft:glow_ink_sac":7,"minecraft:iron_helmet":2,"minecraft:cobblestone":130,"minecraft:leather":1,"minecraft:granite":4,"ancient_elements:raw_lead":8,"ancient_elements:raw_palladium":1,"ancient_elements:obsidian_boots":1,"minecraft:stick":4,"minecraft:dirt":16,"born_in_chaos_v1:river_mint":2,"minecraft:torch":1,"minecraft:rose_bush":12,"spartanweaponry:iron_greatsword":1,"minecraft:iron_pickaxe":1,"minecraft:string":2,"minecraft:birch_log":6,"create:raw_zinc":6,"minecraft:bone":12,"minecraft:stone_axe":2,"born_in_chaos_v1:fire_dust":3,"alexsmobs:animal_dictionary":1,"minecraft:stone_sword":1,"minecraft:cobbled_deepslate":5,"born_in_chaos_v1:ethereal_spirit":14,"minecraft:rotten_flesh":4,"minecraft:iron_boots":1,"ancient_elements:obsidian_helmet":1,"minecraft:oak_planks":1,"minecraft:birch_wood":1,"ancient_elements:raw_tin":4,"minecraft:shield":1,"minecraft:gunpowder":1,"minecraft:diamond_pickaxe":1,"minecraft:iron_chestplate":2,"born_in_chaos_v1:corpse_maggot":6,"minecraft:oak_sapling":9,"minecraft:spider_eye":1,"minecraft:slime_ball":1,"minecraft:wooden_pickaxe":1,"minecraft:stone_pickaxe":3}},"DataVersion":3465}