{"stats":{"minecraft:broken":{"minecraft:stone_pickaxe":1},"minecraft:killed":{"enemyexpansion:ladybug":2,"born_in_chaos_v1:restless_spirit":1,"born_in_chaos_v1:zombie_lumberjack":1,"born_in_chaos_v1:diamond_termite":10,"enemyexpansion:sprinter":1,"enemyexpansion:direwolf":1,"minecraft:skeleton":2,"minecraft:zombie":2,"born_in_chaos_v1:corpse_fly":1,"enemyexpansion:goblin":1,"artifacts:mimic":2},"minecraft:mined":{"create:zinc_ore":6,"ancient_elements:lead_ore":8,"minecraft:deepslate_diamond_ore":6,"born_in_chaos_v1:infected_deepslate_diamond_ore":3,"born_in_chaos_v1:infected_diamond_ore":3,"minecraft:crafting_table":2,"minecraft:glow_lichen":1,"minecraft:granite":4,"minecraft:rose_bush":1,"biomesoplenty:flowering_oak_leaves":1,"minecraft:cobblestone":3,"biomesoplenty:sprout":3,"supplementaries:urn":14,"ancient_elements:budding_selenite":1,"ancient_elements:verdant_viridium_clust":5,"minecraft:birch_log":4,"minecraft:iron_ore":22,"ancient_elements:selenite_clust":1,"ancient_elements:tin_ore":4,"minecraft:grass":3,"minecraft:oak_log":13,"minecraft:coal_ore":5,"minecraft:deepslate_iron_ore":5,"minecraft:dirt":2,"minecraft:stone":184,"minecraft:oak_leaves":8,"minecraft:deepslate":38},"minecraft:killed_by":{"minecraft:player":2,"minecraft:skeleton":2,"born_in_chaos_v1:skeleton_thrasher":2,"artifacts:mimic":2,"minecraft:zombie":1,"alexsmobs:murmur_head":1,"enemyexpansion:invisicreeper":1},"minecraft:used":{"minecraft:water_bucket":2,"minecraft:stone_sword":43,"minecraft:stone_pickaxe":199,"minecraft:shield":29,"minecraft:wooden_pickaxe":13,"minecraft:iron_sword":189,"minecraft:rotten_flesh":2,"minecraft:iron_chestplate":1,"minecraft:torch":3,"minecraft:crafting_table":4,"minecraft:red_bed":1,"minecraft:apple":2,"minecraft:bread":3,"minecraft:iron_pickaxe":92,"minecraft:stone_axe":14,"minecraft:cobblestone":21,"minecraft:bucket":2,"alexsmobs:animal_dictionary":2},"minecraft:dropped":{"minecraft:oak_log":1,"minecraft:cobblestone":63,"minecraft:rotten_flesh":1,"minecraft:granite":4,"minecraft:dirt":16,"minecraft:gunpowder":1,"minecraft:rose_bush":12,"minecraft:oak_sapling":8,"minecraft:wooden_pickaxe":1,"minecraft:stone_pickaxe":1,"minecraft:birch_log":6,"minecraft:bone":7},"minecraft:custom":{"minecraft:interact_with_furnace":13,"spartanshields:shield_bash_hits":2,"minecraft:mob_kills":27,"minecraft:interact_with_crafting_table":16,"minecraft:open_barrel":7,"minecraft:damage_dealt_resisted":1226,"minecraft:time_since_death":3067,"minecraft:sleep_in_bed":2,"minecraft:time_since_rest":1325,"minecraft:sprint_one_cm":192082,"minecraft:damage_taken":3543,"minecraft:walk_one_cm":247261,"minecraft:damage_blocked_by_shield":2385,"minecraft:drop":17,"minecraft:damage_dealt":5687,"minecraft:swim_one_cm":107,"minecraft:player_kills":1,"minecraft:fly_one_cm":184034,"minecraft:open_chest":1,"minecraft:crouch_one_cm":22759,"minecraft:play_time":56176,"minecraft:deaths":11,"minecraft:sneak_time":4042,"minecraft:walk_under_water_one_cm":6996,"minecraft:jump":770,"minecraft:interact_with_blast_furnace":2,"minecraft:walk_on_water_one_cm":10572,"minecraft:total_world_time":56176,"minecraft:fall_one_cm":25540},"minecraft:picked_up":{"minecraft:birch_log":6,"minecraft:charcoal":2,"born_in_chaos_v1:diamond_termite_shard":7,"minecraft:crafting_table":2,"minecraft:glow_ink_sac":4,"minecraft:leather":2,"ancient_elements:raw_lead":8,"minecraft:oak_log":22,"create:raw_zinc":6,"minecraft:gunpowder":1,"ancient_elements:music_disc_luminous":1,"minecraft:dirt":18,"minecraft:red_bed":1,"minecraft:experience_bottle":1,"minecraft:bone":7,"minecraft:apple":2,"ancient_elements:selenite_shard":3,"minecraft:cobbled_deepslate":39,"minecraft:candle":1,"minecraft:iron_ingot":6,"minecraft:rose_bush":12,"minecraft:oak_planks":41,"minecraft:stick":2,"minecraft:raw_iron":27,"born_in_chaos_v1:ethereal_spirit":2,"minecraft:torch":11,"minecraft:acacia_log":2,"ancient_elements:verdant_viridium_shard":15,"ancient_elements:raw_tin":4,"minecraft:spider_eye":1,"alexsmobs:animal_dictionary":2,"minecraft:rotten_flesh":2,"minecraft:slime_ball":1,"minecraft:diamond":6,"artifacts:snowshoes":1,"minecraft:granite":4,"supplementaries:ash":30,"minecraft:oak_sapling":9,"minecraft:coal":5,"minecraft:cobblestone":254},"minecraft:crafted":{"minecraft:oak_planks":16,"minecraft:crafting_table":3,"minecraft:wooden_pickaxe":1,"minecraft:iron_sword":1,"minecraft:furnace":2,"minecraft:bucket":1,"minecraft:stone_axe":1,"minecraft:air":0,"minecraft:iron_chestplate":1,"minecraft:shield":2,"minecraft:stick":12,"minecraft:iron_ingot":22,"minecraft:iron_pickaxe":1,"minecraft:stone_pickaxe":3,"minecraft:stone_sword":1}},"DataVersion":3465}