{"stats":{"minecraft:broken":{"ancient_elements:obsidian_boots":1,"minecraft:diamond_helmet":1,"ancient_elements:stone_hammer":1,"minecraft:stone_pickaxe":1,"ancient_elements:obsidian_helmet":2,"minecraft:diamond_boots":1,"aether:iron_gloves":1,"ancient_elements:obsidian_chestplate":2,"ancient_elements:obsidian_leggings":2},"minecraft:killed_by":{"minecraft:piglin_brute":2,"alexsmobs:murmur_head":1,"enemyexpansion:huntsman":1,"ancient_elements:aetherial_glaze":1,"born_in_chaos_v1:diamond_termite":1,"born_in_chaos_v1:supreme_bonescaller_not_despawn":1,"born_in_chaos_v1:spiritof_chaos":1,"artifacts:mimic":2,"farlanders:rebel":2,"minecraft:witch":1,"minecraft:zombie":2,"born_in_chaos_v1:dire_hound_leader":1,"enemyexpansion:vampflyer":1,"enemyexpansion:silverqueen":1,"minecraft:husk":1,"born_in_chaos_v1:lifestealer_true_form":4,"enemyexpansion:invisicreeper":1,"minecraft:vex":1,"minecraft:player":2,"enemyexpansion:trollenraged":1,"minecraft:stray":5,"born_in_chaos_v1:skeleton_thrasher":2,"minecraft:spider":1,"mutantmonsters:mutant_enderman":1,"quark:toretoise":1,"ancient_elements:selenite_crystal_slime":1,"born_in_chaos_v1:sir_pumpkinhead_without_horse":1,"born_in_chaos_v1:decrepit_skeleton":1,"minecraft:skeleton":4,"enemyexpansion:direwolf":1,"born_in_chaos_v1:door_knight":1},"minecraft:used":{"minecraft:ladder":1,"minecraft:shield":54,"minecraft:iron_sword":235,"minecraft:rotten_flesh":13,"minecraft:iron_chestplate":1,"minecraft:soul_sand":1,"spartanweaponry:iron_javelin":1,"ancient_elements:obsidian_boots":5,"minecraft:obsidian":1,"born_in_chaos_v1:corpse_maggot":9,"minecraft:bricks":14,"minecraft:lantern":2,"minecraft:stone_bricks":1,"ancient_elements:obsidian_axe":155,"minecraft:magma_block":1,"minecraft:sweet_berries":6,"minecraft:furnace":4,"minecraft:dark_prismarine_stairs":12,"spartanweaponry:iron_greatsword":200,"ancient_elements:obsidian_pickaxe":695,"biomesoplenty:fir_planks":1,"epicfight:skillbook":38,"minecraft:mossy_stone_bricks":1,"minecraft:diamond_boots":8,"minecraft:stone_pickaxe":199,"minecraft:birch_wood":1,"create:crimsite":3,"minecraft:wooden_pickaxe":13,"ancient_elements:obsidian_leggings":2,"minecraft:golden_apple":3,"minecraft:glow_berries":13,"alexscaves:cave_book":1,"minecraft:blast_furnace":1,"minecraft:stone_brick_wall":1,"waystones:waystone":1,"minecraft:cyan_carpet":1,"minecraft:polished_granite":1,"minecraft:dark_oak_log":19,"spartanshields:diamond_tower_shield":23,"ancient_elements:obsidian_helmet":2,"create:black_toolbox":1,"minecraft:bread":34,"minecraft:light_gray_concrete":1,"minecraft:cyan_bed":2,"minecraft:polished_andesite_slab":2,"minecraft:diamond_sword":1223,"minecraft:dark_oak_fence":1,"spartanweaponry:diamond_longbow":9,"minecraft:andesite":13,"minecraft:birch_log":1,"quark:birch_chest":1,"minecraft:cobweb":5,"minecraft:experience_bottle":1,"ancient_elements:obsidian_chestplate":2,"create:limestone":1,"minecraft:iron_bars":2,"minecraft:stone_sword":43,"minecraft:spruce_planks":47,"minecraft:anvil":1,"minecraft:stick":1,"minecraft:torch":175,"minecraft:dirt":38,"minecraft:spruce_stairs":1,"minecraft:granite":1,"ancient_elements:music_disc_luminous":1,"minecraft:nether_brick_stairs":3,"ancient_elements:stone_hammer":66,"minecraft:dark_oak_planks":15,"create:wrench":9,"minecraft:rooted_dirt":29,"minecraft:diamond_chestplate":2,"alexscaves:spelunkery_table":2,"minecraft:beef":14,"minecraft:cooked_beef":31,"minecraft:cobbled_deepslate":32,"minecraft:water_bucket":34,"quark:hollow_birch_log":1,"wom:ruine":212,"ancient_elements:iron_hammer":122,"minecraft:mossy_cobblestone":3,"minecraft:crafting_table":20,"minecraft:red_bed":21,"minecraft:magenta_bed":1,"minecraft:white_bed":4,"minecraft:smoker":3,"endrem:rogue_eye":1,"minecraft:dark_prismarine":4,"minecraft:diamond_pickaxe":577,"minecraft:apple":29,"wom:emerald_chakra":1,"minecraft:iron_pickaxe":101,"minecraft:stone_axe":69,"minecraft:crimson_fungus":1,"minecraft:cobblestone":180,"quark:slime_in_a_bucket":1,"minecraft:porkchop":18,"quark:spruce_ladder":1,"minecraft:bucket":35,"alexsmobs:animal_dictionary":2,"minecraft:diamond_leggings":1},"minecraft:killed":{"minecraft:cave_spider":28,"born_in_chaos_v1:mr_pumpkin":6,"minecraft:witch":2,"born_in_chaos_v1:zombie_lumberjack":1,"born_in_chaos_v1:restless_spirit":8,"born_in_chaos_v1:skeleton_demoman":1,"born_in_chaos_v1:door_knight_not_despawn":1,"born_in_chaos_v1:sir_the_headless":1,"enemyexpansion:equestrian":1,"minecraft:spider":28,"born_in_chaos_v1:siamese_skeletonsright":2,"born_in_chaos_v1:baby_skeleton_minion":15,"minecraft:skeleton":69,"born_in_chaos_v1:skeleton_thrasher":1,"minecraft:silverfish":7,"born_in_chaos_v1:supreme_bonescaller_stage_2":4,"minecraft:piglin_brute":4,"born_in_chaos_v1:firelight_not_despawn":6,"enemyexpansion:vampflyer":6,"artifacts:mimic":5,"minecraft:magma_cube":7,"minecraft:piglin":2,"born_in_chaos_v1:bonescaller":2,"minecraft:pig":8,"enemyexpansion:ladybug":4,"quark:stoneling":2,"farlanders:rebel":3,"born_in_chaos_v1:diamond_termite":19,"minecraft:zombie_villager":3,"minecraft:creeper":3,"minecraft:sheep":1,"born_in_chaos_v1:zombie_fisherman":2,"minecraft:zombie":87,"born_in_chaos_v1:dread_hound":4,"enemyexpansion:vampire":4,"born_in_chaos_v1:corpse_fly":39,"enemyexpansion:botfly":18,"minecraft:stray":41,"alexsmobs:fly":1,"born_in_chaos_v1:siamese_skeletonsleft":2,"minecraft:cow":21,"minecraft:vex":3,"born_in_chaos_v1:missioner":1,"aquaculture:bluegill":1,"born_in_chaos_v1:zombie_clown_not_despawn":1,"quark:toretoise":3,"born_in_chaos_v1:skeleton_thrasher_not_despawn":1,"minecraft:slime":1,"enemyexpansion:direwolf":12,"born_in_chaos_v1:zombie_bruiser":2,"born_in_chaos_v1:maggot":37,"born_in_chaos_v1:pumpkinhead":1,"enemyexpansion:faller":2,"takesapillage:clay_golem":1,"enemyexpansion:silverqueen":1,"minecraft:drowned":5,"alexsmobs:tusklin":1,"enemyexpansion:goblin":3,"farlanders:classic_enderman":1,"born_in_chaos_v1:spiritof_chaos":1,"born_in_chaos_v1:fallen_chaos_knight":1,"minecraft:husk":8,"born_in_chaos_v1:felsteed":1,"farlanders:looter":1,"born_in_chaos_v1:bone_imp_minion":18,"born_in_chaos_v1:baby_skeleton":7,"born_in_chaos_v1:swarmer":2,"ancient_elements:aetherial_glaze":3,"minecraft:bat":1,"enemyexpansion:sprinter":1,"farlanders:mystic_enderman":1,"born_in_chaos_v1:decrepit_skeleton":17,"born_in_chaos_v1:decaying_zombie":1,"alexsmobs:crocodile":1,"born_in_chaos_v1:bonescaller_not_despawn":6,"enemyexpansion:huntsman":1,"born_in_chaos_v1:dark_vortex":5,"minecraft:wither_skeleton":19,"minecraft:enderman":4,"enemyexpansion:slugger":1,"born_in_chaos_v1:lifestealer_true_form":1},"minecraft:dropped":{"minecraft:iron_sword":1,"minecraft:moss_block":3,"minecraft:birch_planks":4,"minecraft:oak_log":1,"minecraft:cooked_beef":4,"minecraft:glow_ink_sac":7,"minecraft:diamond":4,"minecraft:crafting_table":1,"minecraft:lantern":1,"minecraft:leather":1,"minecraft:chest_minecart":1,"minecraft:cracked_stone_bricks":1,"ancient_elements:raw_lead":8,"born_in_chaos_v1:pieceofdarkmetal":3,"born_in_chaos_v1:pileof_dark_metal":1,"minecraft:flint":1,"minecraft:dirt":20,"minecraft:red_bed":1,"simple_hearts:rotten_heart":5,"ancient_elements:obsidian_pickaxe":1,"minecraft:dark_oak_fence":1,"minecraft:tnt_minecart":1,"minecraft:chain":4,"minecraft:iron_pickaxe":1,"minecraft:black_concrete":3,"minecraft:dark_oak_planks":38,"minecraft:birch_log":12,"minecraft:bone":19,"minecraft:gravel":3,"minecraft:crimson_fungus":1,"minecraft:stone_axe":2,"born_in_chaos_v1:fire_dust":5,"alexsmobs:animal_dictionary":1,"minecraft:cobbled_deepslate":8,"born_in_chaos_v1:ethereal_spirit":17,"aether:leather_gloves":1,"minecraft:rotten_flesh":62,"minecraft:oak_planks":8,"ancient_elements:obsidian_helmet":1,"minecraft:birch_wood":1,"ancient_elements:raw_tin":4,"supplementaries:ash":90,"minecraft:tipped_arrow":6,"minecraft:gunpowder":2,"create:wrench":2,"minecraft:charcoal":9,"minecraft:quartz_block":3,"born_in_chaos_v1:corpse_maggot":13,"spartanweaponry:iron_javelin":1,"minecraft:iron_bars":19,"minecraft:beef":13,"minecraft:stone_brick_stairs":1,"minecraft:enchanted_book":2,"minecraft:iron_ingot":5,"benssharks:silverfish":6,"minecraft:mossy_cobblestone":3,"minecraft:iron_helmet":3,"minecraft:cobblestone":366,"ancient_elements:topaz_shard":3,"minecraft:apple":1,"ancient_elements:iron_hammer":1,"minecraft:granite":4,"ancient_elements:raw_palladium":1,"ancient_elements:obsidian_boots":1,"minecraft:stick":14,"born_in_chaos_v1:gnawed_bones":2,"minecraft:diorite":1,"heartbalance:half_heart":15,"born_in_chaos_v1:river_mint":2,"minecraft:torch":4,"minecraft:rose_bush":12,"simple_hearts:rotten_heart_piece":2,"born_in_chaos_v1:fused_bone":6,"minecraft:iron_door":1,"spartanweaponry:iron_greatsword":2,"biomesoplenty:glowshroom":1,"minecraft:mossy_cobblestone_stairs":2,"quark:music_disc_fire":1,"minecraft:string":8,"minecraft:bucket":1,"create:raw_zinc":6,"epicfight:stray_pants":3,"minecraft:bricks":11,"minecraft:furnace":1,"minecraft:dark_prismarine_stairs":10,"minecraft:stone_sword":1,"minecraft:clay_ball":48,"minecraft:iron_boots":1,"ancient_elements:meteorite_block":3,"minecraft:light_gray_concrete":2,"minecraft:pumpkin_seeds":28,"supplementaries:quiver":1,"minecraft:shield":4,"biomesoplenty:fir_planks":1,"minecraft:diamond_pickaxe":1,"minecraft:iron_chestplate":2,"minecraft:andesite":7,"minecraft:mossy_stone_bricks":4,"minecraft:oak_sapling":9,"minecraft:spider_eye":8,"minecraft:diamond_boots":1,"minecraft:slime_ball":2,"minecraft:bow":3,"minecraft:stone_pickaxe":3,"minecraft:wooden_pickaxe":1,"minecraft:magma_block":1},"minecraft:picked_up":{"quark:diamond_heart":2,"born_in_chaos_v1:charmof_stealth":1,"minecraft:iron_chestplate":2,"quark:spruce_ladder":1,"create:wrench":2,"minecraft:enchanted_book":2,"minecraft:stone_brick_stairs":2,"ancient_elements:raw_palladium":1,"born_in_chaos_v1:holiday_candy":29,"minecraft:string":92,"create:limestone":1,"ancient_elements:meteorite_block":3,"minecraft:experience_bottle":1,"minecraft:tnt_minecart":1,"minecraft:cobbled_deepslate":101,"biomesoplenty:fir_planks":1,"minecraft:spruce_planks":4,"spartanshields:diamond_tower_shield":1,"minecraft:rose_bush":12,"born_in_chaos_v1:stimulating_decoction":1,"minecraft:coal_block":2,"minecraft:iron_boots":1,"minecraft:furnace":2,"minecraft:tipped_arrow":13,"minecraft:stick":6,"quark:music_disc_fire":1,"artifacts:universal_attractor":1,"born_in_chaos_v1:shattered_skull":4,"minecraft:spruce_stairs":1,"minecraft:torch":23,"minecraft:acacia_log":2,"minecraft:porkchop":19,"ancient_elements:verdant_viridium_shard":15,"epicfight:skillbook":16,"born_in_chaos_v1:pileof_dark_metal":2,"minecraft:diorite":1,"ancient_elements:topaz_shard":3,"minecraft:quartz_block":3,"minecraft:rotten_flesh":126,"minecraft:iron_block":1,"endrem:rogue_eye":1,"supplementaries:quiver":1,"supplementaries:ash":90,"epicfight:stray_robe":1,"minecraft:obsidian":75,"minecraft:iron_bars":21,"minecraft:cobblestone":687,"minecraft:birch_log":19,"benssharks:silverfish":9,"biomesoplenty:fir_log":2,"minecraft:magma_block":2,"minecraft:cooked_beef":4,"minecraft:iron_door":1,"born_in_chaos_v1:spiritual_dust":13,"minecraft:andesite":28,"minecraft:flint":1,"ancient_elements:obsidian_pickaxe":1,"biomesoplenty:glowshroom":1,"minecraft:smoker":3,"ancient_elements:raw_lead":8,"create:raw_zinc":6,"minecraft:magenta_bed":1,"minecraft:lapis_lazuli":6,"minecraft:dirt":66,"minecraft:lantern":3,"minecraft:polished_granite":1,"minecraft:name_tag":1,"minecraft:bone":138,"minecraft:chipped_anvil":1,"spartanweaponry:iron_greatsword":1,"minecraft:bow":6,"minecraft:birch_wood":1,"minecraft:mossy_stone_bricks":13,"minecraft:fletching_table":1,"minecraft:diamond_helmet":1,"minecraft:moss_block":3,"minecraft:oak_planks":46,"ancient_elements:aero_charge":2,"minecraft:nether_brick_stairs":4,"minecraft:cyan_bed":2,"minecraft:dark_oak_log":59,"alexsmobs:animal_dictionary":2,"minecraft:mossy_cobblestone":16,"minecraft:dark_prismarine":4,"minecraft:light_gray_concrete":3,"create:crimsite":3,"born_in_chaos_v1:fire_dust":5,"minecraft:diamond":28,"minecraft:black_concrete":3,"waystones:waystone":4,"minecraft:granite":5,"minecraft:emerald":20,"minecraft:bricks":25,"minecraft:bread":3,"minecraft:rooted_dirt":29,"minecraft:oak_sapling":10,"minecraft:netherrack":1,"minecraft:dark_oak_fence":2,"minecraft:diamond_pickaxe":1,"minecraft:charcoal":2,"minecraft:crafting_table":12,"born_in_chaos_v1:diamond_termite_shard":9,"minecraft:ladder":1,"born_in_chaos_v1:river_mint":2,"minecraft:clay_ball":48,"ancient_elements:obsidian_boots":1,"born_in_chaos_v1:seedof_chaos":20,"minecraft:chest_minecart":1,"minecraft:stone_brick_wall":1,"minecraft:chain":4,"minecraft:shield":2,"aether:leather_gloves":1,"epicfight:stray_pants":4,"ancient_elements:music_disc_luminous":1,"minecraft:red_bed":22,"artifacts:power_glove":1,"minecraft:cyan_carpet":1,"ancient_elements:selenite_shard":3,"ancient_elements:aetherial_shard":1,"minecraft:cracked_stone_bricks":4,"minecraft:candle":1,"minecraft:dark_prismarine_stairs":22,"minecraft:beef":57,"born_in_chaos_v1:gnawed_bones":2,"minecraft:raw_iron":27,"ancient_elements:raw_tin":8,"born_in_chaos_v1:charmof_endurance":1,"born_in_chaos_v1:pieceofdarkmetal":34,"minecraft:dark_oak_planks":41,"ancient_elements:cerulean_shard":3,"simple_hearts:rotten_heart_piece":2,"minecraft:arrow":66,"artifacts:cowboy_hat":1,"quark:birch_vertical_slab":1,"artifacts:snowshoes":1,"minecraft:diamond_boots":2,"minecraft:hay_block":5,"alexscaves:spelunkery_table":2,"minecraft:glow_berries":11,"minecraft:skeleton_skull":2,"minecraft:rail":11,"born_in_chaos_v1:fused_bone":3,"minecraft:stripped_oak_log":9,"born_in_chaos_v1:corpse_maggot":31,"minecraft:air":7,"born_in_chaos_v1:pumpkin_staff":1,"minecraft:glow_ink_sac":7,"minecraft:leather":20,"farlanders:mystic_wand_ore":1,"minecraft:crimson_fungus":1,"minecraft:oak_log":36,"minecraft:gunpowder":14,"simple_hearts:rotten_heart":3,"born_in_chaos_v1:soul_cutlass":1,"minecraft:apple":3,"minecraft:stone_bricks":1,"heartbalance:half_heart":17,"minecraft:iron_ingot":19,"minecraft:stone_pickaxe":1,"artifacts:steadfast_spikes":1,"minecraft:polished_andesite_slab":5,"minecraft:soul_sand":1,"create:mechanical_saw":1,"born_in_chaos_v1:death_totem":1,"minecraft:sweet_berries":36,"epicfight:stone_greatsword":1,"born_in_chaos_v1:lifestealer_bone":4,"born_in_chaos_v1:orbofthe_summoner":4,"born_in_chaos_v1:ethereal_spirit":18,"minecraft:gravel":14,"born_in_chaos_v1:dark_rod":5,"minecraft:blast_furnace":1,"minecraft:white_bed":4,"minecraft:spruce_log":13,"minecraft:spider_eye":8,"minecraft:pumpkin_seeds":58,"minecraft:slime_ball":2,"ancient_elements:obsidian_helmet":1,"minecraft:stone_axe":1,"born_in_chaos_v1:pile_of_skulls":1,"minecraft:diamond_axe":1,"minecraft:iron_helmet":2,"quark:hollow_birch_log":1,"minecraft:mossy_cobblestone_stairs":7,"minecraft:coal":122,"minecraft:ender_pearl":1},"minecraft:crafted":{"minecraft:smooth_stone":3,"minecraft:oak_planks":84,"quark:birch_chest":1,"spartanshields:wooden_tower_shield":1,"usefulbackpacks:backpack_small":1,"minecraft:stone":3,"minecraft:diamond_helmet":1,"minecraft:diamond_leggings":1,"minecraft:smoker":1,"spartanshields:diamond_tower_shield":1,"minecraft:crafting_table":9,"minecraft:spruce_planks":52,"minecraft:wooden_pickaxe":1,"minecraft:birch_planks":24,"biomesoplenty:fir_planks":8,"minecraft:iron_block":3,"minecraft:iron_chestplate":1,"minecraft:diamond_pickaxe":1,"minecraft:charcoal":9,"minecraft:shield":2,"minecraft:stick":120,"usefulbackpacks:backpack_large":1,"minecraft:iron_ingot":31,"minecraft:iron_pickaxe":1,"minecraft:stone_sword":1,"ancient_elements:stone_hammer":1,"ancient_elements:obsidian_ingot":82,"minecraft:coal":17,"ancient_elements:obsidian_helmet":4,"minecraft:furnace":9,"minecraft:blast_furnace":1,"minecraft:diamond":1,"ancient_elements:obsidian_boots":2,"spartanweaponry:diamond_longbow":1,"ancient_elements:obsidian_leggings":3,"minecraft:stone_pickaxe":3,"minecraft:diamond_boots":3,"usefulbackpacks:backpack_medium":1,"minecraft:dark_oak_planks":64,"minecraft:wheat":45,"minecraft:cooked_beef":27,"minecraft:iron_sword":1,"spartanweaponry:handle":1,"minecraft:bucket":2,"ancient_elements:obsidian_chestplate":3,"minecraft:stone_axe":1,"born_in_chaos_v1:bone_heart":1,"ancient_elements:obsidian_axe":1,"minecraft:air":0,"minecraft:bread":15,"minecraft:white_wool":15,"ancient_elements:iron_hammer":1,"minecraft:white_bed":1,"minecraft:anvil":1,"minecraft:acacia_planks":8,"minecraft:torch":216,"ancient_elements:obsidian_pickaxe":2,"minecraft:diamond_chestplate":1},"minecraft:custom":{"minecraft:interact_with_crafting_table":90,"minecraft:open_barrel":88,"minecraft:eat_cake_slice":9,"minecraft:leave_game":5,"minecraft:time_since_death":28450,"minecraft:damage_resisted":96,"minecraft:sprint_one_cm":2579785,"minecraft:damage_blocked_by_shield":8205,"minecraft:drop":220,"minecraft:talked_to_villager":5,"minecraft:play_time":619579,"minecraft:deaths":49,"minecraft:jump":8347,"minecraft:interact_with_brewingstand":4,"minecraft:walk_on_water_one_cm":178726,"minecraft:interact_with_furnace":51,"minecraft:play_record":1,"minecraft:interact_with_loom":5,"minecraft:sleep_in_bed":26,"minecraft:waystone_activated":5,"minecraft:damage_dealt":130655,"minecraft:player_kills":1,"minecraft:crouch_one_cm":73770,"minecraft:interact_with_smoker":12,"minecraft:inspect_dispenser":2,"minecraft:interact_with_anvil":5,"minecraft:mob_kills":672,"minecraft:damage_dealt_resisted":14026,"minecraft:climb_one_cm":105648,"minecraft:walk_one_cm":2448496,"minecraft:damage_dealt_absorbed":9,"minecraft:sneak_time":12911,"minecraft:walk_under_water_one_cm":44918,"minecraft:interact_with_lectern":1,"minecraft:interact_with_blast_furnace":19,"minecraft:total_world_time":619579,"spartanshields:shield_bash_hits":6,"minecraft:tune_noteblock":5,"minecraft:time_since_rest":6403,"minecraft:damage_absorbed":15891,"minecraft:damage_taken":18150,"minecraft:trigger_trapped_chest":2,"minecraft:swim_one_cm":264165,"minecraft:fly_one_cm":2588990,"minecraft:open_chest":193,"minecraft:fall_one_cm":209474},"minecraft:mined":{"minecraft:dark_oak_planks":3,"minecraft:dark_prismarine_stairs":22,"minecraft:large_amethyst_bud":2,"create:deepslate_zinc_ore":1,"minecraft:stone_pressure_plate":1,"minecraft:spruce_planks":10,"biomesoplenty:glowshroom":1,"minecraft:white_bed":4,"minecraft:obsidian":77,"minecraft:cave_vines_plant":1,"minecraft:granite":45,"minecraft:grass_block":19,"born_in_chaos_v1:dark_metal_deposit":4,"biomesoplenty:flowering_oak_leaves":1,"minecraft:coal_block":3,"born_in_chaos_v1:pile_of_skulls":1,"minecraft:spawner":54,"quark:hollow_birch_log":1,"minecraft:magma_block":1,"ancient_elements:topaz_clust":1,"minecraft:iron_ore":26,"minecraft:mossy_cobblestone_stairs":22,"minecraft:fire":11,"minecraft:cobbled_deepslate":1,"ancient_elements:selenite_clust":1,"ancient_elements:tin_ore":6,"minecraft:nether_brick_stairs":4,"biomesoplenty:hanging_cobweb":2,"supplementaries:stick":1,"minecraft:cave_vines":1,"minecraft:iron_bars":26,"minecraft:light_gray_concrete":3,"minecraft:green_carpet":2,"minecraft:iron_block":1,"create:veridium":1,"create:limestone":3,"minecraft:tripwire":4,"minecraft:magenta_carpet":3,"minecraft:quartz_block":15,"minecraft:red_bed":20,"biomesoplenty:glowworm_silk":1,"minecraft:smoker":2,"minecraft:clay":4,"born_in_chaos_v1:infected_deepslate_diamond_ore":9,"minecraft:torch":4,"minecraft:blast_furnace":1,"minecraft:calcite":3,"minecraft:nether_brick_slab":1,"minecraft:mushroom_stem":1,"minecraft:cobblestone":51,"minecraft:birch_wood":1,"minecraft:cyan_bed":2,"minecraft:bricks":26,"minecraft:iron_door":3,"minecraft:wall_torch":1,"minecraft:amethyst_block":4,"minecraft:skeleton_skull":1,"minecraft:chain":6,"biomesoplenty:fir_log":2,"minecraft:jukebox":1,"biomesoplenty:glowworm_silk_strand":2,"minecraft:birch_log":18,"minecraft:tnt":1,"minecraft:stone_brick_stairs":9,"ancient_elements:cerulean_clust":1,"minecraft:infested_mossy_stone_bricks":1,"minecraft:grass":26,"minecraft:oak_log":27,"minecraft:dirt":63,"minecraft:smooth_quartz":5,"minecraft:smooth_basalt":2,"born_in_chaos_v1:infernal_evil_pumpkin_s":1,"minecraft:netherrack":2,"create:crimsite":4,"minecraft:oak_leaves":9,"minecraft:deepslate":103,"create:zinc_ore":8,"biomesoplenty:orange_autumn_leaves":2,"minecraft:dark_prismarine":4,"alexscaves:spelunkery_table":2,"minecraft:tuff":4,"minecraft:red_carpet":1,"ancient_elements:lead_ore":9,"minecraft:mossy_cobblestone":28,"minecraft:deepslate_diamond_ore":20,"quark:shale":2,"minecraft:dark_oak_log":59,"born_in_chaos_v1:infected_diamond_ore":4,"minecraft:glow_lichen":1,"minecraft:nether_bricks":3,"minecraft:dark_oak_fence":2,"minecraft:spruce_fence":1,"born_in_chaos_v1:black_argillite":2,"ancient_elements:meteorite_block":6,"minecraft:polished_andesite_slab":5,"minecraft:moss_block":3,"born_in_chaos_v1:gnawed_bones":1,"minecraft:rooted_dirt":29,"minecraft:hay_block":5,"minecraft:oak_trapdoor":2,"minecraft:furnace":2,"minecraft:acacia_wood":1,"minecraft:andesite":49,"minecraft:black_concrete":3,"minecraft:mossy_stone_brick_stairs":20,"minecraft:deepslate_iron_ore":5,"minecraft:vine":17,"ancient_elements:palladium_ore":1,"minecraft:lantern":3,"minecraft:stripped_oak_log":9,"minecraft:packed_ice":1,"minecraft:stone":606,"biomesoplenty:spider_egg":1,"minecraft:soul_sand":1,"minecraft:polished_granite":2,"minecraft:oak_fence":2,"minecraft:crafting_table":11,"minecraft:emerald_ore":20,"minecraft:rose_bush":1,"minecraft:copper_ore":3,"minecraft:tall_grass":2,"biomesoplenty:sprout":4,"minecraft:diorite":11,"minecraft:big_dripleaf":2,"ancient_elements:budding_selenite":1,"supplementaries:urn":15,"minecraft:spruce_stairs":1,"minecraft:gray_wool":1,"ancient_elements:verdant_viridium_clust":5,"quark:spruce_ladder":1,"minecraft:sweet_berry_bush":16,"minecraft:ice":1,"minecraft:spruce_log":13,"minecraft:cyan_carpet":1,"minecraft:coal_ore":54,"minecraft:gravel":18,"minecraft:dripstone_block":3,"minecraft:cobweb":72,"minecraft:cracked_stone_bricks":7,"minecraft:stone_bricks":3,"minecraft:chipped_anvil":1,"minecraft:mossy_stone_bricks":21,"minecraft:gold_ore":1,"minecraft:fern":5}},"DataVersion":3465}