{"stats":{"minecraft:picked_up":{"minecraft:birch_log":6,"minecraft:charcoal":2,"minecraft:crafting_table":2,"born_in_chaos_v1:diamond_termite_shard":7,"minecraft:glow_ink_sac":7,"minecraft:leather":2,"ancient_elements:raw_lead":8,"create:raw_zinc":6,"minecraft:oak_log":22,"ancient_elements:raw_palladium":1,"minecraft:gunpowder":1,"artifacts:power_glove":1,"ancient_elements:music_disc_luminous":1,"minecraft:dirt":18,"minecraft:red_bed":1,"minecraft:bone":7,"minecraft:experience_bottle":1,"minecraft:apple":2,"ancient_elements:selenite_shard":3,"minecraft:candle":1,"minecraft:cobbled_deepslate":43,"minecraft:iron_ingot":6,"minecraft:rose_bush":12,"minecraft:oak_planks":41,"minecraft:stick":2,"minecraft:raw_iron":27,"minecraft:torch":11,"born_in_chaos_v1:ethereal_spirit":2,"minecraft:acacia_log":2,"ancient_elements:verdant_viridium_shard":15,"ancient_elements:raw_tin":4,"minecraft:spider_eye":1,"alexsmobs:animal_dictionary":2,"minecraft:rotten_flesh":2,"minecraft:slime_ball":1,"minecraft:diamond":6,"artifacts:snowshoes":1,"alexscaves:spelunkery_table":1,"minecraft:granite":4,"supplementaries:ash":35,"minecraft:oak_sapling":9,"minecraft:obsidian":10,"minecraft:coal":5,"minecraft:cobblestone":260},"minecraft:used":{"minecraft:water_bucket":7,"minecraft:stone_sword":43,"minecraft:stone_pickaxe":199,"minecraft:wooden_pickaxe":13,"minecraft:shield":30,"minecraft:iron_sword":213,"minecraft:rotten_flesh":2,"minecraft:iron_chestplate":1,"minecraft:torch":3,"minecraft:crafting_table":5,"minecraft:red_bed":1,"minecraft:diamond_pickaxe":28,"minecraft:apple":2,"minecraft:bread":8,"minecraft:iron_pickaxe":101,"minecraft:stone_axe":16,"minecraft:cobblestone":83,"minecraft:bucket":8,"alexsmobs:animal_dictionary":2,"ancient_elements:obsidian_pickaxe":2,"minecraft:experience_bottle":1},"minecraft:killed_by":{"minecraft:player":2,"minecraft:skeleton":2,"born_in_chaos_v1:skeleton_thrasher":2,"artifacts:mimic":2,"minecraft:zombie":1,"alexsmobs:murmur_head":1,"enemyexpansion:invisicreeper":1},"minecraft:dropped":{"minecraft:oak_log":1,"minecraft:stone_sword":1,"minecraft:cobblestone":63,"minecraft:rotten_flesh":1,"minecraft:leather":1,"minecraft:granite":4,"minecraft:dirt":16,"minecraft:gunpowder":1,"minecraft:rose_bush":12,"minecraft:oak_sapling":8,"minecraft:spider_eye":1,"minecraft:wooden_pickaxe":1,"minecraft:stone_pickaxe":1,"minecraft:birch_log":6,"minecraft:bone":7},"minecraft:custom":{"minecraft:interact_with_furnace":18,"spartanshields:shield_bash_hits":2,"minecraft:mob_kills":29,"minecraft:interact_with_crafting_table":20,"minecraft:open_barrel":7,"minecraft:interact_with_loom":2,"minecraft:damage_dealt_resisted":1226,"minecraft:leave_game":1,"minecraft:time_since_death":14939,"minecraft:sleep_in_bed":5,"minecraft:time_since_rest":7671,"minecraft:sprint_one_cm":203614,"minecraft:damage_taken":3719,"minecraft:walk_one_cm":278955,"minecraft:damage_blocked_by_shield":2550,"minecraft:drop":20,"minecraft:damage_dealt":6483,"minecraft:player_kills":1,"minecraft:swim_one_cm":3862,"minecraft:fly_one_cm":200840,"minecraft:open_chest":1,"minecraft:crouch_one_cm":36419,"minecraft:play_time":68048,"minecraft:deaths":11,"minecraft:sneak_time":6064,"minecraft:walk_under_water_one_cm":15220,"minecraft:jump":946,"minecraft:interact_with_blast_furnace":2,"minecraft:walk_on_water_one_cm":24056,"minecraft:total_world_time":68048,"minecraft:fall_one_cm":29170},"minecraft:crafted":{"minecraft:oak_planks":16,"minecraft:crafting_table":3,"minecraft:wooden_pickaxe":1,"minecraft:iron_sword":1,"minecraft:furnace":2,"minecraft:bucket":1,"minecraft:stone_axe":1,"minecraft:air":0,"minecraft:iron_chestplate":1,"minecraft:diamond_pickaxe":1,"minecraft:shield":2,"minecraft:stick":20,"minecraft:iron_ingot":22,"minecraft:iron_pickaxe":1,"minecraft:stone_pickaxe":3,"minecraft:stone_sword":1,"ancient_elements:stone_hammer":1,"minecraft:acacia_planks":8,"ancient_elements:obsidian_ingot":3,"ancient_elements:obsidian_pickaxe":1},"minecraft:mined":{"create:zinc_ore":6,"alexscaves:spelunkery_table":1,"create:deepslate_zinc_ore":1,"minecraft:mossy_cobblestone":3,"ancient_elements:lead_ore":8,"minecraft:deepslate_diamond_ore":6,"minecraft:obsidian":12,"born_in_chaos_v1:infected_diamond_ore":3,"born_in_chaos_v1:infected_deepslate_diamond_ore":3,"minecraft:crafting_table":2,"minecraft:glow_lichen":1,"minecraft:granite":4,"biomesoplenty:flowering_oak_leaves":1,"minecraft:rose_bush":1,"minecraft:cobblestone":9,"biomesoplenty:sprout":3,"supplementaries:urn":14,"ancient_elements:budding_selenite":1,"ancient_elements:verdant_viridium_clust":5,"minecraft:birch_log":4,"minecraft:iron_ore":22,"minecraft:fire":3,"ancient_elements:selenite_clust":1,"ancient_elements:tin_ore":4,"minecraft:grass":3,"minecraft:oak_log":13,"minecraft:coal_ore":5,"ancient_elements:palladium_ore":1,"minecraft:deepslate_iron_ore":5,"minecraft:gravel":5,"minecraft:dirt":2,"minecraft:stone":184,"minecraft:oak_leaves":8,"minecraft:deepslate":45},"minecraft:broken":{"minecraft:stone_pickaxe":1},"minecraft:killed":{"enemyexpansion:ladybug":2,"born_in_chaos_v1:restless_spirit":1,"born_in_chaos_v1:diamond_termite":10,"born_in_chaos_v1:zombie_lumberjack":1,"enemyexpansion:sprinter":1,"enemyexpansion:direwolf":1,"minecraft:skeleton":2,"minecraft:zombie":3,"born_in_chaos_v1:corpse_fly":1,"enemyexpansion:goblin":1,"artifacts:mimic":3}},"DataVersion":3465}