{"stats":{"minecraft:mined":{"create:zinc_ore":6,"alexscaves:spelunkery_table":2,"create:deepslate_zinc_ore":1,"minecraft:mossy_cobblestone":3,"ancient_elements:lead_ore":8,"minecraft:deepslate_diamond_ore":12,"born_in_chaos_v1:infected_diamond_ore":3,"minecraft:obsidian":37,"minecraft:glow_lichen":1,"minecraft:granite":4,"biomesoplenty:flowering_oak_leaves":1,"minecraft:oak_trapdoor":2,"ancient_elements:topaz_clust":1,"minecraft:iron_ore":22,"minecraft:fire":3,"minecraft:cobbled_deepslate":1,"ancient_elements:selenite_clust":1,"ancient_elements:tin_ore":4,"minecraft:deepslate_iron_ore":5,"ancient_elements:palladium_ore":1,"minecraft:stone":186,"create:veridium":1,"minecraft:crafting_table":2,"born_in_chaos_v1:infected_deepslate_diamond_ore":7,"minecraft:rose_bush":1,"minecraft:cobblestone":38,"biomesoplenty:sprout":3,"minecraft:diorite":2,"minecraft:skeleton_skull":1,"ancient_elements:budding_selenite":1,"supplementaries:urn":14,"ancient_elements:verdant_viridium_clust":5,"minecraft:birch_log":4,"minecraft:tnt":1,"ancient_elements:cerulean_clust":1,"minecraft:grass":3,"minecraft:oak_log":13,"minecraft:coal_ore":15,"minecraft:gravel":5,"minecraft:dirt":2,"minecraft:oak_leaves":8,"minecraft:deepslate":65},"minecraft:killed_by":{"minecraft:player":2,"born_in_chaos_v1:skeleton_thrasher":2,"mutantmonsters:mutant_enderman":1,"quark:toretoise":1,"alexsmobs:murmur_head":1,"enemyexpansion:huntsman":1,"ancient_elements:selenite_crystal_slime":1,"born_in_chaos_v1:diamond_termite":1,"minecraft:skeleton":2,"born_in_chaos_v1:spiritof_chaos":1,"farlanders:rebel":2,"artifacts:mimic":2,"minecraft:witch":1,"minecraft:zombie":1,"enemyexpansion:direwolf":1,"enemyexpansion:silverqueen":1,"born_in_chaos_v1:dire_hound_leader":1,"born_in_chaos_v1:door_knight":1,"enemyexpansion:invisicreeper":1},"minecraft:killed":{"minecraft:cave_spider":1,"minecraft:witch":2,"born_in_chaos_v1:restless_spirit":2,"born_in_chaos_v1:zombie_lumberjack":1,"minecraft:spider":2,"quark:toretoise":1,"enemyexpansion:direwolf":3,"born_in_chaos_v1:zombie_bruiser":1,"born_in_chaos_v1:maggot":4,"minecraft:skeleton":3,"enemyexpansion:goblin":2,"enemyexpansion:vampflyer":1,"artifacts:mimic":4,"enemyexpansion:ladybug":2,"farlanders:rebel":1,"born_in_chaos_v1:diamond_termite":15,"born_in_chaos_v1:baby_skeleton":1,"enemyexpansion:sprinter":1,"born_in_chaos_v1:zombie_fisherman":1,"minecraft:zombie":10,"born_in_chaos_v1:dread_hound":1,"enemyexpansion:vampire":1,"born_in_chaos_v1:dark_vortex":3,"born_in_chaos_v1:corpse_fly":2,"enemyexpansion:slugger":1},"minecraft:custom":{"minecraft:mob_kills":69,"minecraft:interact_with_crafting_table":24,"minecraft:open_barrel":15,"minecraft:damage_dealt_resisted":1690,"minecraft:leave_game":1,"minecraft:time_since_death":3229,"minecraft:climb_one_cm":1800,"minecraft:sprint_one_cm":391751,"minecraft:walk_one_cm":500368,"minecraft:damage_blocked_by_shield":4380,"minecraft:drop":36,"minecraft:play_time":115619,"minecraft:deaths":26,"minecraft:sneak_time":6779,"minecraft:walk_under_water_one_cm":16246,"minecraft:jump":2155,"minecraft:interact_with_blast_furnace":4,"minecraft:walk_on_water_one_cm":64531,"minecraft:total_world_time":115619,"minecraft:interact_with_furnace":27,"spartanshields:shield_bash_hits":3,"minecraft:interact_with_loom":2,"minecraft:sleep_in_bed":6,"minecraft:time_since_rest":3269,"minecraft:damage_taken":8236,"minecraft:damage_absorbed":40,"minecraft:trigger_trapped_chest":2,"minecraft:damage_dealt":16810,"minecraft:swim_one_cm":5144,"minecraft:fly_one_cm":560714,"minecraft:player_kills":1,"minecraft:open_chest":4,"minecraft:crouch_one_cm":42526,"minecraft:fall_one_cm":59540},"minecraft:broken":{"ancient_elements:stone_hammer":1,"minecraft:stone_pickaxe":1},"minecraft:used":{"minecraft:stone_sword":43,"minecraft:shield":48,"minecraft:iron_sword":235,"minecraft:rotten_flesh":2,"minecraft:iron_chestplate":1,"minecraft:torch":3,"ancient_elements:stone_hammer":66,"minecraft:cobbled_deepslate":1,"ancient_elements:obsidian_pickaxe":97,"minecraft:water_bucket":27,"minecraft:stone_pickaxe":199,"minecraft:wooden_pickaxe":13,"minecraft:golden_apple":1,"minecraft:crafting_table":5,"minecraft:magenta_bed":1,"minecraft:red_bed":1,"minecraft:diamond_pickaxe":36,"minecraft:apple":2,"minecraft:bread":10,"minecraft:iron_pickaxe":101,"minecraft:stone_axe":54,"minecraft:cobblestone":142,"minecraft:bucket":27,"alexsmobs:animal_dictionary":2,"minecraft:experience_bottle":1},"minecraft:picked_up":{"minecraft:charcoal":2,"born_in_chaos_v1:diamond_termite_shard":9,"minecraft:crafting_table":2,"born_in_chaos_v1:river_mint":2,"ancient_elements:raw_palladium":1,"ancient_elements:music_disc_luminous":1,"minecraft:red_bed":1,"artifacts:power_glove":1,"minecraft:experience_bottle":1,"ancient_elements:selenite_shard":3,"minecraft:cobbled_deepslate":67,"minecraft:candle":1,"minecraft:rose_bush":12,"minecraft:iron_boots":1,"minecraft:raw_iron":27,"minecraft:stick":2,"minecraft:acacia_log":2,"minecraft:torch":11,"ancient_elements:verdant_viridium_shard":15,"ancient_elements:raw_tin":8,"ancient_elements:cerulean_shard":3,"ancient_elements:topaz_shard":3,"artifacts:cowboy_hat":1,"minecraft:rotten_flesh":13,"artifacts:snowshoes":1,"alexscaves:spelunkery_table":2,"supplementaries:ash":44,"minecraft:obsidian":35,"minecraft:skeleton_skull":2,"minecraft:cobblestone":338,"minecraft:birch_log":6,"born_in_chaos_v1:corpse_maggot":4,"minecraft:glow_ink_sac":7,"minecraft:leather":2,"minecraft:smoker":1,"ancient_elements:raw_lead":8,"minecraft:oak_log":22,"create:raw_zinc":6,"minecraft:magenta_bed":1,"minecraft:gunpowder":5,"minecraft:dirt":18,"minecraft:bone":7,"minecraft:apple":2,"minecraft:bow":1,"minecraft:iron_ingot":12,"minecraft:stone_pickaxe":1,"minecraft:fletching_table":1,"minecraft:oak_planks":42,"born_in_chaos_v1:ethereal_spirit":6,"born_in_chaos_v1:dark_rod":4,"alexsmobs:animal_dictionary":2,"minecraft:spider_eye":1,"minecraft:slime_ball":1,"minecraft:diamond":14,"minecraft:stone_axe":1,"minecraft:granite":4,"minecraft:oak_sapling":9,"minecraft:coal":14},"minecraft:crafted":{"minecraft:oak_planks":16,"minecraft:furnace":2,"minecraft:stone_pickaxe":3,"minecraft:crafting_table":3,"minecraft:wooden_pickaxe":1,"minecraft:iron_sword":1,"minecraft:bucket":1,"minecraft:stone_axe":1,"minecraft:air":0,"minecraft:iron_chestplate":1,"minecraft:diamond_pickaxe":1,"minecraft:shield":2,"minecraft:stick":20,"minecraft:iron_pickaxe":1,"minecraft:iron_ingot":22,"minecraft:stone_sword":1,"ancient_elements:stone_hammer":1,"minecraft:acacia_planks":8,"ancient_elements:obsidian_ingot":27,"ancient_elements:obsidian_pickaxe":1},"minecraft:dropped":{"minecraft:iron_ingot":5,"minecraft:iron_sword":1,"minecraft:oak_log":1,"minecraft:cobblestone":130,"minecraft:leather":1,"minecraft:granite":4,"ancient_elements:raw_palladium":1,"minecraft:stick":2,"minecraft:dirt":16,"born_in_chaos_v1:river_mint":1,"minecraft:rose_bush":12,"minecraft:birch_log":6,"minecraft:bone":7,"minecraft:stone_axe":1,"alexsmobs:animal_dictionary":1,"minecraft:stone_sword":1,"minecraft:rotten_flesh":4,"minecraft:oak_planks":1,"ancient_elements:raw_tin":4,"minecraft:shield":1,"minecraft:gunpowder":1,"born_in_chaos_v1:corpse_maggot":4,"minecraft:oak_sapling":8,"minecraft:spider_eye":1,"minecraft:wooden_pickaxe":1,"minecraft:stone_pickaxe":3}},"DataVersion":3465}