{"stats":{"minecraft:mined":{"minecraft:oak_log":1,"minecraft:oak_leaves":3},"minecraft:custom":{"minecraft:time_since_rest":41284,"minecraft:open_chest":1,"minecraft:sprint_one_cm":49430,"minecraft:play_time":41284,"minecraft:walk_one_cm":16356,"minecraft:mob_kills":3,"minecraft:jump":139,"minecraft:damage_dealt":421,"minecraft:leave_game":3,"minecraft:time_since_death":41284,"minecraft:total_world_time":41284,"minecraft:interact_with_crafting_table":1,"minecraft:fall_one_cm":538,"minecraft:fly_one_cm":943153},"minecraft:crafted":{"minecraft:oak_planks":4},"minecraft:used":{"minecraft:cow_spawn_egg":5,"minecraft:crafting_table":1,"alexsmobs:spawn_egg_alligator_snapping_turtle":1},"minecraft:picked_up":{"quark:vertical_oak_planks":1,"minecraft:diamond":6,"minecraft:leather":3,"minecraft:beef":5,"minecraft:oak_log":1}},"DataVersion":3465}