{"stats":{"minecraft:mined":{"quark:hollow_birch_log":1,"biomesoplenty:sprout":1,"minecraft:oak_leaves":2},"minecraft:killed_by":{"born_in_chaos_v1:zombie_clown":1},"minecraft:custom":{"minecraft:time_since_rest":7710,"minecraft:crouch_one_cm":8,"minecraft:play_time":9283,"minecraft:sprint_one_cm":41909,"minecraft:walk_one_cm":19431,"minecraft:damage_taken":340,"minecraft:deaths":1,"minecraft:sneak_time":15,"minecraft:jump":150,"minecraft:damage_dealt":285,"minecraft:leave_game":1,"minecraft:time_since_death":7684,"minecraft:total_world_time":9283,"minecraft:climb_one_cm":272,"minecraft:fall_one_cm":2065,"minecraft:fly_one_cm":38761},"minecraft:used":{"minecraft:moss_carpet":1,"alexsmobs:animal_dictionary":1,"quark:hollow_birch_log":1},"minecraft:picked_up":{"quark:hollow_birch_log":1,"minecraft:oak_sapling":1,"minecraft:moss_carpet":1}},"DataVersion":3465}