{"stats":{"minecraft:mined":{"minecraft:grass":2,"minecraft:oak_log":10,"biomesoplenty:redwood_wood":1,"minecraft:crafting_table":1},"minecraft:killed":{"aquaculture:perch":1,"aquaculture:gar":2,"aquaculture:smallmouth_bass":2},"minecraft:custom":{"minecraft:time_since_rest":11483,"minecraft:crouch_one_cm":186,"minecraft:play_time":11483,"minecraft:sprint_one_cm":44845,"minecraft:damage_taken":170,"minecraft:walk_one_cm":38323,"minecraft:sneak_time":38,"minecraft:walk_under_water_one_cm":7455,"minecraft:mob_kills":5,"minecraft:jump":222,"minecraft:damage_dealt":230,"minecraft:time_since_death":11483,"minecraft:walk_on_water_one_cm":4672,"minecraft:total_world_time":11483,"minecraft:swim_one_cm":1316,"minecraft:interact_with_crafting_table":2,"minecraft:fall_one_cm":10547,"minecraft:fly_one_cm":63258},"minecraft:used":{"aquaculture:gar":2,"minecraft:wooden_sword":7,"minecraft:crafting_table":1,"aquaculture:smallmouth_bass":2,"alexsmobs:animal_dictionary":2,"aquaculture:perch":1},"minecraft:picked_up":{"aquaculture:smallmouth_bass":2,"aquaculture:gar":2,"minecraft:crafting_table":1,"aquaculture:perch":1,"minecraft:oak_log":10,"biomesoplenty:redwood_wood":1},"minecraft:crafted":{"minecraft:wooden_sword":1,"minecraft:oak_planks":28,"minecraft:crafting_table":1,"minecraft:stick":4,"biomesoplenty:redwood_planks":4,"minecraft:wooden_pickaxe":1}},"DataVersion":3465}