{"stats":{"minecraft:picked_up":{"minecraft:lime_bed":1,"minecraft:crafting_table":1,"minecraft:tripwire_hook":1,"minecraft:oak_log":15,"minecraft:brewing_stand":1,"minecraft:bone":2,"minecraft:player_head":1,"minecraft:lectern":1,"minecraft:sugar_cane":6,"minecraft:book":24,"minecraft:raw_iron":5,"aquaculture:gar":1,"minecraft:torch":2,"aquaculture:perch":1,"ancient_elements:raw_tin":1,"minecraft:dark_oak_planks":1,"minecraft:polished_andesite":1,"minecraft:arrow":2,"minecraft:writable_book":1,"aquaculture:brown_trout":1,"aquaculture:carp":1,"minecraft:mutton":2,"minecraft:iron_bars":11,"minecraft:white_wool":1,"minecraft:cobblestone":18},"minecraft:used":{"minecraft:iron_bars":5,"minecraft:stone_pickaxe":21,"minecraft:oak_planks":2,"aquaculture:brown_trout":1,"minecraft:wooden_pickaxe":3,"minecraft:iron_sword":10,"minecraft:chainmail_helmet":2,"minecraft:cooked_chicken":4,"minecraft:torch":12,"minecraft:mutton":2,"minecraft:crafting_table":3,"aquaculture:carp":1,"minecraft:iron_pickaxe":26,"aquaculture:gar":1,"minecraft:stone_axe":38,"minecraft:golden_sword":5,"alexsmobs:animal_dictionary":1,"minecraft:cooked_beef":2},"minecraft:killed_by":{"minecraft:skeleton":2,"minecraft:zombie":2},"minecraft:dropped":{"minecraft:iron_nugget":7,"minecraft:oak_planks":1,"ancient_elements:raw_tin":1,"biomesoplenty:flowering_oak_sapling":1,"minecraft:iron_bars":3,"minecraft:dark_oak_planks":1,"minecraft:tripwire_hook":1,"minecraft:brick":3},"minecraft:custom":{"minecraft:interact_with_furnace":1,"minecraft:mob_kills":8,"minecraft:interact_with_crafting_table":6,"minecraft:open_barrel":16,"minecraft:eat_cake_slice":2,"minecraft:leave_game":2,"minecraft:time_since_death":644,"minecraft:climb_one_cm":250,"minecraft:time_since_rest":652,"minecraft:sprint_one_cm":216958,"minecraft:damage_taken":1557,"minecraft:walk_one_cm":121767,"minecraft:drop":8,"minecraft:damage_dealt":901,"minecraft:damage_dealt_absorbed":45,"minecraft:swim_one_cm":32149,"minecraft:fly_one_cm":78767,"minecraft:open_chest":18,"minecraft:crouch_one_cm":6976,"minecraft:play_time":16743,"minecraft:deaths":4,"minecraft:sneak_time":1222,"minecraft:walk_under_water_one_cm":16558,"minecraft:jump":371,"minecraft:interact_with_brewingstand":1,"minecraft:walk_on_water_one_cm":19856,"minecraft:total_world_time":16743,"minecraft:fall_one_cm":12176},"minecraft:crafted":{"minecraft:oak_planks":20,"minecraft:crafting_table":2,"minecraft:wooden_pickaxe":1,"minecraft:iron_sword":1,"minecraft:stone_axe":1,"minecraft:stick":12,"minecraft:iron_ingot":2,"minecraft:stone_pickaxe":1,"minecraft:iron_pickaxe":1},"minecraft:mined":{"minecraft:dark_oak_planks":2,"minecraft:brewing_stand":1,"minecraft:crafting_table":1,"minecraft:torch":1,"minecraft:lectern":1,"minecraft:sugar_cane":4,"minecraft:chiseled_stone_bricks":1,"minecraft:spawner":6,"quark:hollow_birch_log":1,"minecraft:lime_bed":1,"minecraft:birch_log":3,"minecraft:iron_ore":5,"ancient_elements:tin_ore":1,"minecraft:dark_oak_stairs":1,"minecraft:coal_ore":6,"minecraft:bookshelf":8,"minecraft:grass":1,"minecraft:oak_log":19,"minecraft:iron_bars":8,"minecraft:tripwire_hook":1,"minecraft:stone":20,"minecraft:polished_andesite":2,"minecraft:player_head":1,"minecraft:spruce_slab":1,"minecraft:oak_leaves":2},"minecraft:killed":{"aquaculture:gar":1,"minecraft:sheep":1,"minecraft:skeleton":1,"minecraft:zombie":1,"alexsmobs:blue_jay":1,"aquaculture:brown_trout":1,"aquaculture:perch":1,"aquaculture:carp":1}},"DataVersion":3465}