{"stats":{"minecraft:killed":{"minecraft:sheep":1,"minecraft:skeleton":1,"aquaculture:brown_trout":1,"aquaculture:gar":1,"aquaculture:carp":1},"minecraft:mined":{"quark:hollow_birch_log":1,"minecraft:birch_log":3,"minecraft:crafting_table":1,"minecraft:grass":1,"minecraft:oak_log":19,"minecraft:iron_bars":3,"minecraft:stone":16,"minecraft:sugar_cane":4,"minecraft:oak_leaves":2},"minecraft:used":{"aquaculture:carp":1,"minecraft:stone_pickaxe":16,"aquaculture:brown_trout":1,"minecraft:wooden_pickaxe":3,"aquaculture:gar":1,"minecraft:stone_axe":22,"minecraft:golden_sword":5,"minecraft:mutton":2,"minecraft:crafting_table":2,"alexsmobs:animal_dictionary":1},"minecraft:custom":{"minecraft:time_since_rest":7084,"minecraft:sprint_one_cm":49239,"minecraft:damage_taken":125,"minecraft:walk_one_cm":55186,"minecraft:mob_kills":5,"minecraft:damage_dealt":442,"minecraft:damage_dealt_absorbed":45,"minecraft:swim_one_cm":3713,"minecraft:interact_with_crafting_table":5,"minecraft:fly_one_cm":15389,"minecraft:open_chest":2,"minecraft:crouch_one_cm":3616,"minecraft:play_time":7084,"minecraft:sneak_time":500,"minecraft:walk_under_water_one_cm":1616,"minecraft:jump":110,"minecraft:leave_game":2,"minecraft:time_since_death":7084,"minecraft:walk_on_water_one_cm":8630,"minecraft:total_world_time":7084,"minecraft:fall_one_cm":2190},"minecraft:picked_up":{"minecraft:crafting_table":1,"aquaculture:gar":1,"minecraft:oak_log":15,"minecraft:bone":2,"minecraft:arrow":2,"aquaculture:brown_trout":1,"aquaculture:carp":1,"minecraft:sugar_cane":6,"minecraft:mutton":2,"minecraft:iron_bars":3,"minecraft:white_wool":1,"minecraft:cobblestone":15},"minecraft:crafted":{"minecraft:oak_planks":12,"minecraft:crafting_table":1,"minecraft:stick":8,"minecraft:wooden_pickaxe":1,"minecraft:stone_pickaxe":1,"minecraft:stone_axe":1}},"DataVersion":3465}