{"stats":{"minecraft:mined":{"minecraft:crafting_table":1,"minecraft:grass_block":8,"minecraft:spruce_fence":2,"minecraft:melon":13,"minecraft:rose_bush":6,"biomesoplenty:flowering_oak_leaves":2,"quark:blossom_log":6,"minecraft:spruce_leaves":1,"minecraft:spawner":1,"minecraft:birch_log":1,"minecraft:suspicious_sand":1,"minecraft:grass":7,"minecraft:oak_log":38,"minecraft:coal_ore":20,"quark:limestone":1,"minecraft:dirt":2,"minecraft:azalea":1,"minecraft:stone":56,"minecraft:oak_leaves":15,"minecraft:fern":3},"minecraft:killed":{"born_in_chaos_v1:baby_skeleton":3,"minecraft:spider":2,"born_in_chaos_v1:decrepit_skeleton":2,"creeperoverhaul:snowy_creeper":2,"minecraft:sheep":1,"minecraft:chicken":4},"minecraft:killed_by":{"minecraft:player":2,"minecraft:zombie":3},"minecraft:used":{"minecraft:cooked_mutton":2,"minecraft:stone_pickaxe":74,"minecraft:wooden_pickaxe":6,"minecraft:cooked_chicken":3,"minecraft:dirt":4,"minecraft:crafting_table":3,"minecraft:bread":4,"minecraft:stone_axe":51,"minecraft:furnace":1,"minecraft:oak_boat":4,"alexsmobs:animal_dictionary":1},"minecraft:dropped":{"minecraft:rotten_flesh":4,"minecraft:rose_bush":4,"minecraft:oak_sapling":1,"minecraft:azalea":1},"minecraft:custom":{"minecraft:interact_with_furnace":2,"minecraft:mob_kills":14,"minecraft:interact_with_crafting_table":5,"minecraft:open_barrel":8,"minecraft:leave_game":1,"minecraft:time_since_death":1395,"minecraft:climb_one_cm":1581,"minecraft:time_since_rest":1405,"minecraft:sprint_one_cm":182503,"minecraft:damage_taken":2135,"minecraft:walk_one_cm":233630,"minecraft:drop":9,"minecraft:damage_dealt":2625,"minecraft:damage_dealt_absorbed":221,"minecraft:swim_one_cm":17053,"minecraft:fly_one_cm":136311,"minecraft:player_kills":1,"minecraft:open_chest":8,"minecraft:crouch_one_cm":24,"minecraft:play_time":36878,"minecraft:deaths":6,"minecraft:sneak_time":2,"minecraft:walk_under_water_one_cm":22727,"minecraft:boat_one_cm":135720,"minecraft:jump":1022,"minecraft:walk_on_water_one_cm":16677,"minecraft:total_world_time":36878,"minecraft:fall_one_cm":25134},"minecraft:picked_up":{"minecraft:birch_log":1,"minecraft:crafting_table":1,"minecraft:feather":5,"minecraft:chicken":4,"minecraft:oak_log":38,"minecraft:string":2,"quark:limestone":1,"minecraft:dirt":7,"minecraft:bone":7,"minecraft:oak_boat":3,"minecraft:rose_bush":7,"minecraft:azalea":1,"minecraft:melon_slice":66,"minecraft:spruce_fence":2,"quark:blossom_log":6,"minecraft:spider_eye":2,"biomesoplenty:flowering_oak_sapling":2,"minecraft:rotten_flesh":4,"minecraft:oak_sapling":2,"minecraft:mutton":2,"minecraft:coal":19,"minecraft:white_wool":2,"minecraft:cobblestone":53},"minecraft:crafted":{"minecraft:oak_planks":152,"minecraft:crafting_table":2,"minecraft:wooden_pickaxe":1,"minecraft:cooked_chicken":4,"minecraft:furnace":1,"minecraft:birch_planks":4,"minecraft:cooked_mutton":2,"minecraft:oak_boat":1,"minecraft:stick":8,"minecraft:stone_pickaxe":1}},"DataVersion":3465}