{"stats":{"minecraft:mined":{"minecraft:oak_door":2,"minecraft:crafting_table":2,"minecraft:cave_vines_plant":1,"minecraft:grass_block":8,"minecraft:spruce_fence":2,"minecraft:melon":13,"minecraft:rose_bush":6,"biomesoplenty:flowering_oak_leaves":2,"minecraft:light_gray_bed":1,"quark:blossom_log":6,"minecraft:tall_grass":1,"minecraft:spruce_leaves":1,"minecraft:spawner":1,"minecraft:furnace":1,"minecraft:birch_log":1,"minecraft:suspicious_sand":1,"minecraft:grass":8,"minecraft:oak_log":38,"minecraft:coal_ore":20,"minecraft:cave_vines":2,"minecraft:deepslate_iron_ore":10,"quark:limestone":1,"minecraft:dirt":2,"minecraft:azalea":1,"minecraft:stone":56,"minecraft:oak_leaves":15,"minecraft:deepslate":31,"minecraft:fern":3},"minecraft:killed_by":{"minecraft:player":2,"minecraft:zombie":3,"born_in_chaos_v1:glutton_fish":1,"enemyexpansion:equestrian":1},"minecraft:killed":{"minecraft:pig":2,"born_in_chaos_v1:baby_skeleton":3,"minecraft:spider":3,"minecraft:creeper":1,"born_in_chaos_v1:decrepit_skeleton":2,"creeperoverhaul:snowy_creeper":2,"minecraft:sheep":4,"minecraft:skeleton":1,"minecraft:chicken":4,"alexsmobs:fly":1},"minecraft:custom":{"minecraft:interact_with_furnace":20,"minecraft:mob_kills":23,"minecraft:interact_with_crafting_table":11,"minecraft:open_barrel":8,"minecraft:leave_game":2,"minecraft:time_since_death":6144,"minecraft:climb_one_cm":1977,"minecraft:time_since_rest":6783,"minecraft:sprint_one_cm":283129,"minecraft:damage_taken":3300,"minecraft:walk_one_cm":325454,"minecraft:drop":9,"minecraft:damage_dealt":3844,"minecraft:damage_dealt_absorbed":334,"minecraft:swim_one_cm":46663,"minecraft:talked_to_villager":1,"minecraft:fly_one_cm":271492,"minecraft:player_kills":1,"minecraft:open_chest":13,"minecraft:crouch_one_cm":772,"minecraft:play_time":54633,"minecraft:sneak_time":79,"minecraft:deaths":9,"minecraft:walk_under_water_one_cm":30698,"minecraft:boat_one_cm":260775,"minecraft:jump":1638,"minecraft:walk_on_water_one_cm":27518,"minecraft:total_world_time":54633,"minecraft:fall_one_cm":44805},"minecraft:used":{"minecraft:cooked_mutton":2,"minecraft:stone_pickaxe":117,"minecraft:wooden_pickaxe":6,"minecraft:cooked_chicken":4,"minecraft:oak_door":2,"minecraft:torch":3,"minecraft:dirt":7,"minecraft:crafting_table":6,"minecraft:bread":6,"minecraft:melon_slice":9,"minecraft:iron_pickaxe":2,"minecraft:stone_axe":72,"minecraft:cobblestone":3,"minecraft:furnace":2,"alexsmobs:animal_dictionary":1,"minecraft:oak_boat":4,"minecraft:cobbled_deepslate":14,"minecraft:iron_leggings":1,"minecraft:light_gray_bed":1},"minecraft:picked_up":{"minecraft:birch_log":1,"minecraft:crafting_table":1,"minecraft:feather":5,"minecraft:chicken":4,"biomesoplenty:glowshroom":2,"minecraft:oak_log":38,"minecraft:gunpowder":1,"minecraft:dirt":7,"quark:limestone":1,"minecraft:string":3,"biomesoplenty:glowing_moss_carpet":2,"minecraft:bone":7,"minecraft:cobbled_deepslate":30,"minecraft:oak_boat":3,"minecraft:rose_bush":7,"minecraft:azalea":1,"minecraft:melon_slice":66,"minecraft:furnace":1,"minecraft:raw_iron":10,"minecraft:oak_door":2,"minecraft:torch":1,"minecraft:spruce_fence":2,"minecraft:porkchop":4,"quark:blossom_log":6,"minecraft:spider_eye":2,"biomesoplenty:flowering_oak_sapling":2,"minecraft:light_gray_bed":1,"minecraft:rotten_flesh":4,"alexsmobs:maggot":2,"minecraft:oak_sapling":2,"minecraft:mutton":4,"minecraft:coal":19,"minecraft:white_wool":4,"minecraft:cobblestone":53},"minecraft:dropped":{"minecraft:rotten_flesh":4,"minecraft:rose_bush":4,"minecraft:oak_sapling":1,"minecraft:azalea":1},"minecraft:crafted":{"minecraft:oak_door":6,"minecraft:oak_planks":152,"minecraft:cooked_porkchop":4,"minecraft:crafting_table":5,"minecraft:wooden_pickaxe":1,"minecraft:cooked_chicken":4,"minecraft:furnace":2,"minecraft:birch_planks":4,"minecraft:cooked_mutton":4,"minecraft:oak_boat":1,"minecraft:charcoal":2,"minecraft:iron_axe":1,"minecraft:stick":16,"minecraft:iron_pickaxe":1,"minecraft:iron_ingot":10,"minecraft:stone_pickaxe":1,"minecraft:iron_leggings":1,"minecraft:torch":16}},"DataVersion":3465}