{
  "idas:idas_root": {
    "criteria": {
      "always": "2024-06-23 23:26:27 +0000"
    },
    "done": true
  },
  "takesapillage:root": {
    "criteria": {
      "always": "2024-06-23 23:26:27 +0000"
    },
    "done": true
  },
  "morevillagers:root": {
    "criteria": {
      "always": "2024-06-23 23:26:27 +0000"
    },
    "done": true
  },
  "totw_modded:root": {
    "criteria": {
      "sample_trigger": "2024-06-23 23:26:27 +0000"
    },
    "done": true
  },
  "ancient_elements:ancient_elements": {
    "criteria": {
      "ancient_elements": "2024-06-23 23:26:27 +0000"
    },
    "done": true
  },
  "dungeons_arise:wda_root": {
    "criteria": {
      "WDA": "2024-06-23 23:26:27 +0000"
    },
    "done": true
  },
  "create:root": {
    "criteria": {
      "0": "2024-06-23 23:26:27 +0000"
    },
    "done": true
  },
  "undergarden:undergarden/root": {
    "criteria": {
      "tick": "2024-06-23 23:26:27 +0000"
    },
    "done": true
  },
  "mowziesmobs:root": {
    "criteria": {
      "custom_test_name": "2024-06-23 23:26:27 +0000"
    },
    "done": true
  },
  "born_in_chaos_v1:bornin_chaos": {
    "criteria": {
      "bornin_chaos_0": "2024-06-23 23:26:27 +0000"
    },
    "done": true
  },
  "cataclysm:root": {
    "criteria": {
      "custom_test_name": "2024-06-23 23:26:27 +0000"
    },
    "done": true
  },
  "corail_recycler:tutorial/root": {
    "criteria": {
      "auto": "2024-06-23 23:26:30 +0000"
    },
    "done": true
  },
  "minecraft:adventure/adventuring_time": {
    "criteria": {
      "minecraft:beach": "2024-06-24 01:11:04 +0000",
      "minecraft:river": "2024-06-24 00:57:15 +0000",
      "minecraft:stony_shore": "2024-06-24 04:37:59 +0000",
      "minecraft:forest": "2024-06-23 23:26:30 +0000",
      "minecraft:plains": "2024-06-24 04:37:16 +0000"
    },
    "done": false
  },
  "biomesoplenty:biomesoplenty/root": {
    "criteria": {
      "orchard": "2024-06-23 23:27:14 +0000"
    },
    "done": true
  },
  "biomesoplenty:biomesoplenty/all_biomes": {
    "criteria": {
      "clover_patch": "2024-06-24 04:08:43 +0000",
      "orchard": "2024-06-23 23:27:14 +0000",
      "redwood_forest": "2024-06-24 01:07:07 +0000"
    },
    "done": false
  },
  "farlanders:root": {
    "criteria": {
      "attack_anything": "2024-06-24 00:06:36 +0000"
    },
    "done": true
  },
  "mutantmonsters:root": {
    "criteria": {
      "killed_something": "2024-06-24 00:06:42 +0000"
    },
    "done": true
  },
  "minecraft:adventure/root": {
    "criteria": {
      "killed_something": "2024-06-24 00:06:42 +0000"
    },
    "done": true
  },
  "corail_recycler:recipes/recycler": {
    "criteria": {
      "requirement_2": "2024-06-24 00:38:54 +0000",
      "requirement_1": "2024-06-24 00:07:34 +0000"
    },
    "done": false
  },
  "minecraft:husbandry/balanced_diet": {
    "criteria": {
      "cooked_mutton": "2024-06-24 01:39:48 +0000",
      "beef": "2024-06-24 00:12:02 +0000",
      "baked_potato": "2024-06-24 04:22:13 +0000",
      "apple": "2024-06-24 04:41:38 +0000",
      "cooked_salmon": "2024-06-24 00:47:50 +0000"
    },
    "done": false
  },
  "minecraft:husbandry/root": {
    "criteria": {
      "consumed_item": "2024-06-24 00:12:02 +0000"
    },
    "done": true
  },
  "aquamirae:adventure/root": {
    "criteria": {
      "crafting_table": "2024-06-24 00:25:09 +0000"
    },
    "done": true
  },
  "minecraft:story/root": {
    "criteria": {
      "crafting_table": "2024-06-24 00:25:09 +0000"
    },
    "done": true
  },
  "minecraft:story/mine_stone": {
    "criteria": {
      "get_stone": "2024-06-24 00:30:03 +0000"
    },
    "done": true
  },
  "minecraft:story/upgrade_tools": {
    "criteria": {
      "stone_pickaxe": "2024-06-24 00:31:52 +0000"
    },
    "done": true
  },
  "ancient_elements:crystal_pioneer": {
    "criteria": {
      "crystal_pioneer": "2024-06-24 00:38:36 +0000"
    },
    "done": true
  },
  "ancient_elements:shiny_object_syndrome": {
    "criteria": {
      "shiny_object_syndrome": "2024-06-24 00:38:37 +0000"
    },
    "done": true
  },
  "corail_recycler:recipes/netherite_disk": {
    "criteria": {
      "requirement_2": "2024-06-24 00:38:54 +0000"
    },
    "done": false
  },
  "corail_recycler:recipes/steel_disk": {
    "criteria": {
      "requirement_2": "2024-06-24 00:38:54 +0000"
    },
    "done": false
  },
  "corail_recycler:recipes/diamond_disk": {
    "criteria": {
      "requirement_2": "2024-06-24 00:38:54 +0000"
    },
    "done": false
  },
  "minecraft:story/smelt_iron": {
    "criteria": {
      "iron": "2024-06-24 00:38:54 +0000"
    },
    "done": true
  },
  "minecraft:story/obtain_armor": {
    "criteria": {
      "iron_chestplate": "2024-06-24 00:40:05 +0000"
    },
    "done": true
  },
  "artifacts:chest_slayer": {
    "criteria": {
      "kill_mimic": "2024-06-24 00:44:00 +0000"
    },
    "done": true
  },
  "artifacts:amateur_archaeologist": {
    "criteria": {
      "find_artifact": "2024-06-24 00:44:06 +0000"
    },
    "done": true
  },
  "create:copper": {
    "criteria": {
      "0": "2024-06-24 00:45:58 +0000"
    },
    "done": true
  },
  "minecraft:story/iron_tools": {
    "criteria": {
      "iron_pickaxe": "2024-06-24 00:50:15 +0000"
    },
    "done": true
  },
  "minecraft:adventure/kill_all_mobs": {
    "criteria": {
      "minecraft:skeleton": "2024-06-24 01:29:41 +0000",
      "minecraft:spider": "2024-06-24 01:10:26 +0000",
      "minecraft:zombie": "2024-06-24 01:34:32 +0000",
      "minecraft:zombie_villager": "2024-06-24 01:09:55 +0000"
    },
    "done": false
  },
  "minecraft:adventure/kill_a_mob": {
    "criteria": {
      "minecraft:zombie_villager": "2024-06-24 01:09:55 +0000"
    },
    "done": true
  },
  "spartanweaponry:root": {
    "criteria": {
      "has_handle": "2024-06-24 01:11:16 +0000"
    },
    "done": true
  },
  "spartanweaponry:battle_hammer": {
    "criteria": {
      "has_battle_hammer": "2024-06-24 01:12:18 +0000"
    },
    "done": true
  },
  "minecraft:adventure/sleep_in_bed": {
    "criteria": {
      "slept_in_bed": "2024-06-24 01:28:02 +0000"
    },
    "done": true
  },
  "endrem:main/rogue_eye": {
    "criteria": {
      "rogue_eye": "2024-06-24 01:29:53 +0000"
    },
    "done": true
  },
  "endrem:main/root": {
    "criteria": {
      "rogue_eye": "2024-06-24 01:29:53 +0000"
    },
    "done": true
  },
  "alexscaves:alexscaves/cave_tablet": {
    "criteria": {
      "cave_tablet": "2024-06-24 01:43:29 +0000"
    },
    "done": true
  },
  "enemyexpansion:vampire_slayer": {
    "criteria": {
      "vampire_slayer_0": "2024-06-24 01:47:17 +0000"
    },
    "done": true
  },
  "born_in_chaos_v1:lifeturnedouttobeacomedy": {
    "criteria": {
      "lifeturnedouttobeacomedy_0": "2024-06-24 04:38:10 +0000"
    },
    "done": true
  },
  "DataVersion": 3465
}