{
  "idas:idas_root": {
    "criteria": {
      "always": "2024-06-24 00:07:35 +0000"
    },
    "done": true
  },
  "takesapillage:root": {
    "criteria": {
      "always": "2024-06-24 00:07:35 +0000"
    },
    "done": true
  },
  "morevillagers:root": {
    "criteria": {
      "always": "2024-06-24 00:07:35 +0000"
    },
    "done": true
  },
  "totw_modded:root": {
    "criteria": {
      "sample_trigger": "2024-06-24 00:07:35 +0000"
    },
    "done": true
  },
  "ancient_elements:ancient_elements": {
    "criteria": {
      "ancient_elements": "2024-06-24 00:07:35 +0000"
    },
    "done": true
  },
  "dungeons_arise:wda_root": {
    "criteria": {
      "WDA": "2024-06-24 00:07:35 +0000"
    },
    "done": true
  },
  "create:root": {
    "criteria": {
      "0": "2024-06-24 00:07:35 +0000"
    },
    "done": true
  },
  "undergarden:undergarden/root": {
    "criteria": {
      "tick": "2024-06-24 00:07:35 +0000"
    },
    "done": true
  },
  "mowziesmobs:root": {
    "criteria": {
      "custom_test_name": "2024-06-24 00:07:35 +0000"
    },
    "done": true
  },
  "born_in_chaos_v1:bornin_chaos": {
    "criteria": {
      "bornin_chaos_0": "2024-06-24 00:07:35 +0000"
    },
    "done": true
  },
  "cataclysm:root": {
    "criteria": {
      "custom_test_name": "2024-06-24 00:07:35 +0000"
    },
    "done": true
  },
  "corail_recycler:tutorial/root": {
    "criteria": {
      "auto": "2024-06-24 00:07:36 +0000"
    },
    "done": true
  },
  "minecraft:adventure/adventuring_time": {
    "criteria": {
      "minecraft:taiga": "2024-06-24 14:50:21 +0000",
      "minecraft:frozen_river": "2024-06-24 16:17:10 +0000",
      "minecraft:birch_forest": "2024-06-24 03:04:03 +0000",
      "minecraft:beach": "2024-06-24 03:13:26 +0000",
      "minecraft:dark_forest": "2024-06-24 03:13:37 +0000",
      "minecraft:river": "2024-06-24 01:08:13 +0000",
      "minecraft:stony_shore": "2024-06-24 03:12:57 +0000",
      "minecraft:snowy_plains": "2024-06-24 16:01:02 +0000",
      "minecraft:dripstone_caves": "2024-06-24 14:50:36 +0000",
      "minecraft:snowy_taiga": "2024-06-24 16:38:37 +0000",
      "minecraft:cold_ocean": "2024-06-24 17:12:03 +0000",
      "minecraft:forest": "2024-06-24 00:07:36 +0000",
      "minecraft:lush_caves": "2024-06-24 14:57:56 +0000",
      "minecraft:ice_spikes": "2024-06-24 16:17:14 +0000",
      "minecraft:frozen_ocean": "2024-06-24 17:10:46 +0000",
      "minecraft:ocean": "2024-06-24 03:23:08 +0000",
      "minecraft:snowy_beach": "2024-06-24 17:11:57 +0000",
      "minecraft:flower_forest": "2024-06-24 19:35:02 +0000",
      "minecraft:old_growth_birch_forest": "2024-06-24 02:54:53 +0000",
      "minecraft:meadow": "2024-06-24 03:05:23 +0000",
      "minecraft:plains": "2024-06-24 15:34:09 +0000"
    },
    "done": false
  },
  "farlanders:root": {
    "criteria": {
      "attack_anything": "2024-06-24 00:11:11 +0000"
    },
    "done": true
  },
  "biomesoplenty:biomesoplenty/root": {
    "criteria": {
      "orchard": "2024-06-24 00:11:23 +0000"
    },
    "done": true
  },
  "biomesoplenty:biomesoplenty/all_biomes": {
    "criteria": {
      "muskeg": "2024-06-24 16:21:40 +0000",
      "shrubland": "2024-06-24 03:05:36 +0000",
      "rocky_shrubland": "2024-06-24 03:05:25 +0000",
      "highland": "2024-06-24 03:08:44 +0000",
      "jade_cliffs": "2024-06-24 03:07:24 +0000",
      "clover_patch": "2024-06-24 02:39:42 +0000",
      "maple_woods": "2024-06-24 14:10:24 +0000",
      "orchard": "2024-06-24 00:11:23 +0000",
      "field": "2024-06-24 14:12:37 +0000",
      "lavender_forest": "2024-06-24 19:06:37 +0000",
      "coniferous_forest": "2024-06-24 17:16:27 +0000",
      "spider_nest": "2024-06-24 14:45:31 +0000",
      "seasonal_orchard": "2024-06-24 19:06:34 +0000",
      "dune_beach": "2024-06-24 19:35:20 +0000",
      "seasonal_forest": "2024-06-24 03:44:25 +0000",
      "dead_forest": "2024-06-24 16:29:11 +0000",
      "lavender_field": "2024-06-24 19:35:11 +0000",
      "fir_clearing": "2024-06-24 17:16:05 +0000",
      "pumpkin_patch": "2024-06-24 03:44:11 +0000",
      "grassland": "2024-06-24 03:10:09 +0000",
      "prairie": "2024-06-24 18:51:57 +0000",
      "snowy_coniferous_forest": "2024-06-24 17:10:23 +0000",
      "tundra": "2024-06-24 16:21:02 +0000",
      "glowing_grotto": "2024-06-24 14:15:30 +0000",
      "snowy_maple_woods": "2024-06-24 16:21:58 +0000"
    },
    "done": false
  },
  "alexsmobs:alexsmobs/root": {
    "criteria": {
      "useitem": "2024-06-24 00:12:53 +0000"
    },
    "done": true
  },
  "minecraft:husbandry/root": {
    "criteria": {
      "consumed_item": "2024-06-24 00:12:53 +0000"
    },
    "done": true
  },
  "mutantmonsters:root": {
    "criteria": {
      "killed_by_something": "2024-06-24 00:18:53 +0000"
    },
    "done": true
  },
  "minecraft:adventure/root": {
    "criteria": {
      "killed_by_something": "2024-06-24 00:18:53 +0000"
    },
    "done": true
  },
  "corail_recycler:recipes/recycler": {
    "criteria": {
      "requirement_2": "2024-06-24 00:38:46 +0000",
      "requirement_3": "2024-06-24 13:20:25 +0000",
      "requirement_1": "2024-06-24 00:20:19 +0000"
    },
    "done": true
  },
  "aquamirae:adventure/root": {
    "criteria": {
      "crafting_table": "2024-06-24 00:28:35 +0000"
    },
    "done": true
  },
  "minecraft:story/root": {
    "criteria": {
      "crafting_table": "2024-06-24 00:28:35 +0000"
    },
    "done": true
  },
  "minecraft:story/mine_stone": {
    "criteria": {
      "get_stone": "2024-06-24 00:28:48 +0000"
    },
    "done": true
  },
  "minecraft:story/upgrade_tools": {
    "criteria": {
      "stone_pickaxe": "2024-06-24 00:29:20 +0000"
    },
    "done": true
  },
  "minecraft:adventure/sleep_in_bed": {
    "criteria": {
      "slept_in_bed": "2024-06-24 00:34:50 +0000"
    },
    "done": true
  },
  "artifacts:chest_slayer": {
    "criteria": {
      "kill_mimic": "2024-06-24 00:35:14 +0000"
    },
    "done": true
  },
  "artifacts:amateur_archaeologist": {
    "criteria": {
      "find_artifact": "2024-06-24 00:35:15 +0000"
    },
    "done": true
  },
  "minecraft:husbandry/balanced_diet": {
    "criteria": {
      "sweet_berries": "2024-06-24 16:39:58 +0000",
      "cooked_beef": "2024-06-24 02:55:45 +0000",
      "beef": "2024-06-24 02:54:51 +0000",
      "porkchop": "2024-06-24 16:19:24 +0000",
      "apple": "2024-06-24 00:38:06 +0000",
      "bread": "2024-06-24 01:09:21 +0000",
      "golden_apple": "2024-06-24 02:42:36 +0000",
      "rotten_flesh": "2024-06-24 00:58:34 +0000",
      "glow_berries": "2024-06-24 16:33:12 +0000"
    },
    "done": false
  },
  "corail_recycler:recipes/netherite_disk": {
    "criteria": {
      "requirement_2": "2024-06-24 00:38:46 +0000"
    },
    "done": false
  },
  "corail_recycler:recipes/steel_disk": {
    "criteria": {
      "requirement_2": "2024-06-24 00:38:46 +0000"
    },
    "done": false
  },
  "corail_recycler:recipes/diamond_disk": {
    "criteria": {
      "requirement_2": "2024-06-24 00:38:46 +0000"
    },
    "done": false
  },
  "minecraft:story/smelt_iron": {
    "criteria": {
      "iron": "2024-06-24 00:38:46 +0000"
    },
    "done": true
  },
  "minecraft:story/iron_tools": {
    "criteria": {
      "iron_pickaxe": "2024-06-24 00:39:13 +0000"
    },
    "done": true
  },
  "ancient_elements:crystal_pioneer": {
    "criteria": {
      "crystal_pioneer": "2024-06-24 00:41:43 +0000"
    },
    "done": true
  },
  "ancient_elements:shiny_object_syndrome": {
    "criteria": {
      "shiny_object_syndrome": "2024-06-24 00:41:44 +0000"
    },
    "done": true
  },
  "born_in_chaos_v1:deceived_hopes": {
    "criteria": {
      "deceived_hopes_0": "2024-06-24 00:42:00 +0000"
    },
    "done": true
  },
  "minecraft:story/deflect_arrow": {
    "criteria": {
      "deflected_projectile": "2024-06-24 00:42:30 +0000"
    },
    "done": true
  },
  "minecraft:adventure/kill_all_mobs": {
    "criteria": {
      "minecraft:skeleton": "2024-06-24 00:43:02 +0000",
      "minecraft:magma_cube": "2024-06-24 15:42:21 +0000",
      "minecraft:piglin_brute": "2024-06-24 03:22:01 +0000",
      "minecraft:spider": "2024-06-24 02:08:07 +0000",
      "minecraft:creeper": "2024-06-24 14:07:46 +0000",
      "minecraft:slime": "2024-06-24 17:28:37 +0000",
      "minecraft:witch": "2024-06-24 02:28:33 +0000",
      "minecraft:wither_skeleton": "2024-06-24 17:22:52 +0000",
      "minecraft:husk": "2024-06-24 19:11:33 +0000",
      "minecraft:cave_spider": "2024-06-24 02:28:20 +0000",
      "minecraft:piglin": "2024-06-24 03:22:43 +0000",
      "minecraft:stray": "2024-06-24 03:32:22 +0000",
      "minecraft:enderman": "2024-06-24 14:02:09 +0000",
      "minecraft:silverfish": "2024-06-24 17:48:33 +0000",
      "minecraft:vex": "2024-06-24 03:36:08 +0000",
      "minecraft:zombie": "2024-06-24 00:58:28 +0000",
      "minecraft:drowned": "2024-06-24 17:12:50 +0000",
      "minecraft:zombie_villager": "2024-06-24 14:41:02 +0000"
    },
    "done": false
  },
  "minecraft:adventure/kill_a_mob": {
    "criteria": {
      "minecraft:skeleton": "2024-06-24 00:43:02 +0000"
    },
    "done": true
  },
  "minecraft:story/obtain_armor": {
    "criteria": {
      "iron_chestplate": "2024-06-24 00:46:38 +0000"
    },
    "done": true
  },
  "alexsmobs:alexsmobs/murmur": {
    "criteria": {
      "killed_by": "2024-06-24 01:04:31 +0000"
    },
    "done": true
  },
  "corail_recycler:recipes/diamond_shard": {
    "criteria": {
      "requirement_1": "2024-06-24 01:11:27 +0000"
    },
    "done": false
  },
  "minecraft:story/mine_diamond": {
    "criteria": {
      "diamond": "2024-06-24 01:11:27 +0000"
    },
    "done": true
  },
  "minecraft:story/form_obsidian": {
    "criteria": {
      "obsidian": "2024-06-24 01:31:53 +0000"
    },
    "done": true
  },
  "ancient_elements:hammer_time": {
    "criteria": {
      "hammer_time": "2024-06-24 01:40:28 +0000"
    },
    "done": true
  },
  "alexscaves:alexscaves/root": {
    "criteria": {
      "underground_cabin": "2024-06-24 01:45:29 +0000"
    },
    "done": true
  },
  "born_in_chaos_v1:exorcism": {
    "criteria": {
      "exorcism_0": "2024-06-24 02:20:16 +0000"
    },
    "done": true
  },
  "morevillagers:all_workstations_get": {
    "criteria": {
      "fletchingtable": "2024-06-24 02:23:09 +0000",
      "smoker": "2024-06-24 02:23:04 +0000",
      "blastfurnace": "2024-06-24 16:28:57 +0000"
    },
    "done": false
  },
  "morevillagers:first_workstation_get": {
    "criteria": {
      "smoker": "2024-06-24 02:23:04 +0000"
    },
    "done": true
  },
  "alexscaves:alexscaves/cave_tablet": {
    "criteria": {
      "cave_tablet": "2024-06-24 02:24:02 +0000"
    },
    "done": true
  },
  "alexscaves:alexscaves/cave_book": {
    "criteria": {
      "cave_book": "2024-06-24 02:24:06 +0000"
    },
    "done": true
  },
  "born_in_chaos_v1:the_wind_darkening": {
    "criteria": {
      "the_wind_darkening_0": "2024-06-24 02:24:24 +0000"
    },
    "done": true
  },
  "spartanweaponry:collect_heads": {
    "criteria": {
      "skeleton_skull": "2024-06-24 02:26:49 +0000"
    },
    "done": false
  },
  "enemyexpansion:vampire_slayer": {
    "criteria": {
      "vampire_slayer_0": "2024-06-24 02:30:50 +0000"
    },
    "done": true
  },
  "alexsmobs:alexsmobs/seagull_steal": {
    "criteria": {
      "ex": "2024-06-24 02:54:14 +0000"
    },
    "done": true
  },
  "ancient_elements:unbreakable_shell": {
    "criteria": {
      "unbreakable_shell": "2024-06-24 02:56:11 +0000"
    },
    "done": true
  },
  "supplementaries:adventure/way_sign": {
    "criteria": {
      "bastion": "2024-06-24 03:12:15 +0000"
    },
    "done": true
  },
  "morevillagers:first_village": {
    "criteria": {
      "plains": "2024-06-24 03:14:02 +0000"
    },
    "done": true
  },
  "morevillagers:all_villages": {
    "criteria": {
      "taiga": "2024-06-24 18:26:08 +0000",
      "plains": "2024-06-24 03:14:02 +0000"
    },
    "done": false
  },
  "spartanweaponry:greatsword": {
    "criteria": {
      "has_greatsword": "2024-06-24 03:16:25 +0000"
    },
    "done": true
  },
  "spartanweaponry:javelin": {
    "criteria": {
      "has_javelin": "2024-06-24 03:16:33 +0000"
    },
    "done": true
  },
  "dungeons_arise:find_mushroom_village": {
    "criteria": {
      "location0": "2024-06-24 03:21:11 +0000"
    },
    "done": true
  },
  "create:wrench_goggles": {
    "criteria": {
      "0": "2024-06-24 03:27:46 +0000"
    },
    "done": false
  },
  "born_in_chaos_v1:dark_metallurgy": {
    "criteria": {
      "dark_metallurgy_0": "2024-06-24 03:30:28 +0000"
    },
    "done": true
  },
  "born_in_chaos_v1:dismantledto_bones": {
    "criteria": {
      "dismantledto_bones_0": "2024-06-24 03:39:27 +0000"
    },
    "done": true
  },
  "born_in_chaos_v1:squireofthe_dark_lord": {
    "criteria": {
      "squireofthe_dark_lord_6": "2024-06-24 16:19:30 +0000",
      "squireofthe_dark_lord_0": "2024-06-24 03:39:57 +0000"
    },
    "done": false
  },
  "born_in_chaos_v1:pieceof_chaos": {
    "criteria": {
      "pieceof_chaos_0": "2024-06-24 03:40:58 +0000"
    },
    "done": true
  },
  "born_in_chaos_v1:junior_summoner": {
    "criteria": {
      "junior_summoner_0": "2024-06-24 14:43:25 +0000"
    },
    "done": true
  },
  "simple_hearts:eternal_power": {
    "criteria": {
      "eternal_power": "2024-06-24 14:49:26 +0000"
    },
    "done": true
  },
  "simple_hearts:first_heart": {
    "criteria": {
      "first_heart": "2024-06-24 14:49:26 +0000"
    },
    "done": true
  },
  "quark:get_diamond_heart": {
    "criteria": {
      "get_diamond_heart": "2024-06-24 14:51:54 +0000"
    },
    "done": true
  },
  "enemyexpansion:hunted": {
    "criteria": {
      "hunted_0": "2024-06-24 14:56:53 +0000"
    },
    "done": true
  },
  "dungeons_arise:find_abandoned_temple": {
    "criteria": {
      "location0": "2024-06-24 15:00:17 +0000"
    },
    "done": true
  },
  "minecraft:story/shiny_gear": {
    "criteria": {
      "diamond_chestplate": "2024-06-24 15:09:53 +0000"
    },
    "done": true
  },
  "spartanweaponry:flanged_mace": {
    "criteria": {
      "has_flanged_mace": "2024-06-24 15:10:46 +0000"
    },
    "done": true
  },
  "alexscaves:alexscaves/burrowing_arrow": {
    "criteria": {
      "burrowing_arrow": "2024-06-24 15:11:25 +0000"
    },
    "done": true
  },
  "alexscaves:alexscaves/seeking_arrow": {
    "criteria": {
      "seeking_arrow": "2024-06-24 15:11:53 +0000"
    },
    "done": true
  },
  "spartanweaponry:battle_hammer": {
    "criteria": {
      "has_battle_hammer": "2024-06-24 15:12:05 +0000"
    },
    "done": true
  },
  "spartanweaponry:warhammer": {
    "criteria": {
      "has_warhammer": "2024-06-24 15:14:05 +0000"
    },
    "done": true
  },
  "idas:enchantingtower": {
    "criteria": {
      "in_enchantingtower": "2024-06-24 15:14:22 +0000"
    },
    "done": true
  },
  "born_in_chaos_v1:symphonyof_chaos": {
    "criteria": {
      "symphonyof_chaos_0": "2024-06-24 15:23:56 +0000"
    },
    "done": false
  },
  "totw_modded:regular_tower": {
    "criteria": {
      "regular": "2024-06-24 15:36:45 +0000"
    },
    "done": true
  },
  "dungeons_arise:find_small_blimp": {
    "criteria": {
      "location0": "2024-06-24 15:39:17 +0000"
    },
    "done": true
  },
  "ancient_elements:can_someone_ventilate": {
    "criteria": {
      "can_someone_ventilate": "2024-06-24 15:46:20 +0000"
    },
    "done": true
  },
  "ancient_elements:cosmic_discoverer": {
    "criteria": {
      "cosmic_discoverer": "2024-06-24 15:52:33 +0000"
    },
    "done": true
  },
  "born_in_chaos_v1:pumpkin_sir": {
    "criteria": {
      "pumpkin_sir_0": "2024-06-24 16:19:19 +0000"
    },
    "done": true
  },
  "ancient_elements:solid_as_a_rock": {
    "criteria": {
      "solid_as_a_rock": "2024-06-24 16:26:47 +0000"
    },
    "done": true
  },
  "farlanders:kill_mystic_enderman": {
    "criteria": {
      "kill_enderman": "2024-06-24 17:23:48 +0000"
    },
    "done": true
  },
  "born_in_chaos_v1:good_demoman": {
    "criteria": {
      "good_demoman_0": "2024-06-24 17:27:18 +0000"
    },
    "done": true
  },
  "farlanders:kill_classic_enderman": {
    "criteria": {
      "kill_enderman": "2024-06-24 17:53:02 +0000"
    },
    "done": true
  },
  "born_in_chaos_v1:charm_collector": {
    "criteria": {
      "charm_collector_3": "2024-06-24 18:16:32 +0000",
      "charm_collector_2": "2024-06-24 18:16:32 +0000"
    },
    "done": false
  },
  "endrem:main/rogue_eye": {
    "criteria": {
      "rogue_eye": "2024-06-24 18:18:37 +0000"
    },
    "done": true
  },
  "dungeons_arise:find_bathhouse": {
    "criteria": {
      "location0": "2024-06-24 19:06:36 +0000"
    },
    "done": true
  },
  "spartanweaponry:longbow": {
    "criteria": {
      "has_longbow": "2024-06-24 18:35:39 +0000"
    },
    "done": true
  },
  "alexsmobs:alexsmobs/crocodile": {
    "criteria": {
      "killed_by": "2024-06-24 18:55:38 +0000"
    },
    "done": true
  },
  "minecraft:adventure/shoot_arrow": {
    "criteria": {
      "shot_arrow": "2024-06-24 19:00:55 +0000"
    },
    "done": true
  },
  "endrem:main/root": {
    "criteria": {
      "rogue_eye": "2024-06-24 18:18:37 +0000"
    },
    "done": true
  },
  "born_in_chaos_v1:horror_underthe_mantle": {
    "criteria": {
      "horror_underthe_mantle_0": "2024-06-24 19:04:06 +0000"
    },
    "done": true
  },
  "born_in_chaos_v1:dark_creator": {
    "criteria": {
      "dark_creator_0": "2024-06-24 18:16:20 +0000"
    },
    "done": true
  },
  "DataVersion": 3465
}