{
  "totw_modded:root": {
    "criteria": {
      "sample_trigger": "2024-06-23 07:32:32 +0000"
    },
    "done": true
  },
  "create:root": {
    "criteria": {
      "0": "2024-06-23 07:32:32 +0000"
    },
    "done": true
  },
  "idas:idas_root": {
    "criteria": {
      "always": "2024-06-23 07:32:33 +0000"
    },
    "done": true
  },
  "takesapillage:root": {
    "criteria": {
      "always": "2024-06-23 07:32:33 +0000"
    },
    "done": true
  },
  "morevillagers:root": {
    "criteria": {
      "always": "2024-06-23 07:32:33 +0000"
    },
    "done": true
  },
  "ancient_elements:ancient_elements": {
    "criteria": {
      "ancient_elements": "2024-06-23 07:32:33 +0000"
    },
    "done": true
  },
  "dungeons_arise:wda_root": {
    "criteria": {
      "WDA": "2024-06-23 07:32:33 +0000"
    },
    "done": true
  },
  "undergarden:undergarden/root": {
    "criteria": {
      "tick": "2024-06-23 07:32:33 +0000"
    },
    "done": true
  },
  "mowziesmobs:root": {
    "criteria": {
      "custom_test_name": "2024-06-23 07:32:33 +0000"
    },
    "done": true
  },
  "born_in_chaos_v1:bornin_chaos": {
    "criteria": {
      "bornin_chaos_0": "2024-06-23 07:32:33 +0000"
    },
    "done": true
  },
  "cataclysm:root": {
    "criteria": {
      "custom_test_name": "2024-06-23 07:32:33 +0000"
    },
    "done": true
  },
  "biomesoplenty:biomesoplenty/root": {
    "criteria": {
      "dead_forest": "2024-06-23 07:32:36 +0000"
    },
    "done": true
  },
  "corail_recycler:tutorial/root": {
    "criteria": {
      "auto": "2024-06-23 07:32:36 +0000"
    },
    "done": true
  },
  "biomesoplenty:biomesoplenty/all_biomes": {
    "criteria": {
      "muskeg": "2024-06-23 07:42:18 +0000",
      "snowblossom_grove": "2024-06-23 07:33:45 +0000",
      "old_growth_dead_forest": "2024-06-23 07:35:44 +0000",
      "auroral_garden": "2024-06-23 07:42:52 +0000",
      "dead_forest": "2024-06-23 07:32:36 +0000",
      "snowy_coniferous_forest": "2024-06-23 07:33:38 +0000",
      "snowy_fir_clearing": "2024-06-23 07:33:46 +0000",
      "tundra": "2024-06-23 15:33:26 +0000",
      "snowy_maple_woods": "2024-06-23 07:33:42 +0000"
    },
    "done": false
  },
  "minecraft:adventure/adventuring_time": {
    "criteria": {
      "minecraft:frozen_river": "2024-06-23 07:33:41 +0000",
      "minecraft:stony_shore": "2024-06-23 07:32:58 +0000",
      "minecraft:snowy_plains": "2024-06-23 15:33:40 +0000",
      "minecraft:snowy_taiga": "2024-06-23 15:33:41 +0000",
      "minecraft:frozen_ocean": "2024-06-23 07:43:07 +0000",
      "minecraft:deep_frozen_ocean": "2024-06-23 15:37:04 +0000"
    },
    "done": false
  },
  "corail_recycler:recipes/recycler": {
    "criteria": {
      "requirement_1": "2024-06-23 07:33:08 +0000"
    },
    "done": false
  },
  "aquamirae:adventure/root": {
    "criteria": {
      "crafting_table": "2024-06-23 07:34:43 +0000"
    },
    "done": true
  },
  "minecraft:story/root": {
    "criteria": {
      "crafting_table": "2024-06-23 07:34:43 +0000"
    },
    "done": true
  },
  "corail_recycler:recipes/diamond_shard": {
    "criteria": {
      "requirement_1": "2024-06-23 07:34:46 +0000"
    },
    "done": false
  },
  "minecraft:story/mine_diamond": {
    "criteria": {
      "diamond": "2024-06-23 07:34:46 +0000"
    },
    "done": true
  },
  "farlanders:root": {
    "criteria": {
      "attack_anything": "2024-06-23 07:39:41 +0000"
    },
    "done": true
  },
  "mutantmonsters:root": {
    "criteria": {
      "killed_something": "2024-06-23 07:55:44 +0000"
    },
    "done": true
  },
  "minecraft:adventure/root": {
    "criteria": {
      "killed_something": "2024-06-23 07:55:44 +0000"
    },
    "done": true
  },
  "alexsmobs:alexsmobs/alligator_snapping_turtle": {
    "criteria": {
      "killed_by": "2024-06-23 07:57:32 +0000"
    },
    "done": true
  },
  "aquamirae:adventure/find_ice_maze": {
    "criteria": {
      "deep_frozen_ocean": "2024-06-23 15:37:04 +0000"
    },
    "done": true
  },
  "DataVersion": 3465
}